locale	pause	repeat	mute	unmute	fitVideo	fillVideo	fullscreen	exitFullscreen	volume	save	delete	clear	follow	unfollow	following	showAll	appearance	subtitleSize	subtitleBackground	earlier	later	reset	subtitleDelay	morePlaybackControls	hideVideo	showVideo	closeQueue	enabled	openFile	openFolder	openUrl	fileMenu	viewMenu	windowMenu	saveChanges	themeAvatarColor
ar	إيقاف مؤقت	تكرار	كتم الصوت	إلغاء الكتم	ملاءمة	ملء	ملء الشاشة	الخروج من ملء الشاشة	مستوى الصوت	حفظ	حذف	مسح	متابعة	إلغاء المتابعة	تتم المتابعة	عرض الكل	المظهر	الحجم	الخلفية	أبكر	لاحقًا	إعادة ضبط	التأخير: {seconds} ث	المزيد من عناصر التحكم بالتشغيل	إخفاء الفيديو	عرض الفيديو	إغلاق قائمة الانتظار	مفعّل	فتح ملف…	فتح مجلد…	فتح URL…	ملف	عرض	نافذة	حفظ التغييرات	لون السمة والصورة الرمزية
bn	বিরতি	পুনরাবৃত্তি	শব্দ বন্ধ করুন	শব্দ চালু করুন	ফিট করুন	পূর্ণ করুন	পূর্ণ পর্দা	পূর্ণ পর্দা থেকে বের হন	শব্দের মাত্রা	সংরক্ষণ করুন	মুছুন	পরিষ্কার করুন	অনুসরণ করুন	অনুসরণ বন্ধ করুন	অনুসরণ করছেন	সব দেখান	চেহারা	আকার	পটভূমি	আগে	পরে	রিসেট করুন	বিলম্ব: {seconds} সেকেন্ড	আরও প্লেব্যাক নিয়ন্ত্রণ	ভিডিও লুকান	ভিডিও দেখান	সারি বন্ধ করুন	চালু	ফাইল খুলুন…	ফোল্ডার খুলুন…	URL খুলুন…	ফাইল	দেখুন	উইন্ডো	পরিবর্তন সংরক্ষণ করুন	থিম ও অবতারের রং
cs	Pozastavit	Opakovat	Ztlumit	Zapnout zvuk	Přizpůsobit	Vyplnit	Celá obrazovka	Opustit celou obrazovku	Hlasitost	Uložit	Smazat	Vymazat	Sledovat	Přestat sledovat	Sledováno	Zobrazit vše	Vzhled	Velikost	Pozadí	Dříve	Později	Obnovit	Zpoždění: {seconds} s	Další ovládání přehrávání	Skrýt video	Zobrazit video	Zavřít frontu	Zapnuto	Otevřít soubor…	Otevřít složku…	Otevřít URL…	Soubor	Zobrazení	Okno	Uložit změny	Barva motivu a avataru
da	Pause	Gentag	Slå lyd fra	Slå lyd til	Tilpas	Udfyld	Fuld skærm	Afslut fuld skærm	Lydstyrke	Gem	Slet	Ryd	Følg	Følg ikke længere	Følger	Vis alle	Udseende	Størrelse	Baggrund	Tidligere	Senere	Nulstil	Forsinkelse: {seconds} s	Flere afspilningskontroller	Skjul video	Vis video	Luk kø	Til	Åbn fil…	Åbn mappe…	Åbn URL…	Fil	Vis	Vindue	Gem ændringer	Tema- og avatarfarve
de	Pause	Wiederholen	Stummschalten	Ton einschalten	Einpassen	Ausfüllen	Vollbild	Vollbild verlassen	Lautstärke	Speichern	Löschen	Leeren	Folgen	Nicht mehr folgen	Gefolgt	Alle anzeigen	Darstellung	Größe	Hintergrund	Früher	Später	Zurücksetzen	Verzögerung: {seconds} s	Weitere Wiedergabesteuerungen	Video ausblenden	Video anzeigen	Warteschlange schließen	Ein	Datei öffnen…	Ordner öffnen…	URL öffnen…	Datei	Ansicht	Fenster	Änderungen speichern	Design- und Avatarfarbe
en	Pause	Repeat	Mute	Unmute	Fit	Fill	Fullscreen	Exit fullscreen	Volume	Save	Delete	Clear	Follow	Unfollow	Following	Show all	Appearance	Size	Background	Earlier	Later	Reset	Delay: {seconds} s	More playback controls	Hide video	Show video	Close queue	On	Open file…	Open folder…	Open URL…	File	View	Window	Save changes	Theme and avatar color
es	Pausar	Repetir	Silenciar	Activar sonido	Ajustar	Rellenar	Pantalla completa	Salir de pantalla completa	Volumen	Guardar	Eliminar	Borrar	Seguir	Dejar de seguir	Siguiendo	Mostrar todo	Apariencia	Tamaño	Fondo	Antes	Después	Restablecer	Retardo: {seconds} s	Más controles de reproducción	Ocultar vídeo	Mostrar vídeo	Cerrar cola	Activado	Abrir archivo…	Abrir carpeta…	Abrir URL…	Archivo	Ver	Ventana	Guardar cambios	Color del tema y avatar
et	Paus	Korda	Vaigista	Lülita heli sisse	Mahuta	Täida	Täisekraan	Välju täisekraanist	Helitugevus	Salvesta	Kustuta	Tühjenda	Jälgi	Lõpeta jälgimine	Jälgitav	Näita kõiki	Välimus	Suurus	Taust	Varem	Hiljem	Lähtesta	Viivitus: {seconds} s	Rohkem esitusnuppe	Peida video	Näita videot	Sulge järjekord	Sees	Ava fail…	Ava kaust…	Ava URL…	Fail	Vaade	Aken	Salvesta muudatused	Teema ja avatari värv
fa	مکث	تکرار	بی‌صدا	فعال‌کردن صدا	اندازهٔ مناسب	پرکردن	تمام‌صفحه	خروج از تمام‌صفحه	بلندی صدا	ذخیره	حذف	پاک‌کردن	دنبال‌کردن	لغو دنبال‌کردن	دنبال می‌کنید	نمایش همه	ظاهر	اندازه	پس‌زمینه	زودتر	دیرتر	بازنشانی	تأخیر: {seconds} ثانیه	کنترل‌های پخش بیشتر	پنهان‌کردن ویدیو	نمایش ویدیو	بستن صف	روشن	بازکردن فایل…	بازکردن پوشه…	بازکردن URL…	فایل	نمایش	پنجره	ذخیرهٔ تغییرات	رنگ پوسته و آواتار
fil	I-pause	Ulitin	I-mute	I-unmute	Iangkop	Punuin	Buong screen	Lumabas sa buong screen	Lakas ng tunog	I-save	Tanggalin	I-clear	Sundan	Huwag nang sundan	Sinusundan	Ipakita lahat	Hitsura	Laki	Background	Mas maaga	Mas huli	I-reset	Pagkaantala: {seconds} s	Iba pang kontrol sa pag-play	Itago ang video	Ipakita ang video	Isara ang pila	Naka-on	Magbukas ng file…	Magbukas ng folder…	Magbukas ng URL…	File	Tingnan	Window	I-save ang mga pagbabago	Kulay ng tema at avatar
fr	Pause	Répéter	Couper le son	Activer le son	Ajuster	Remplir	Plein écran	Quitter le plein écran	Volume	Enregistrer	Supprimer	Effacer	Suivre	Ne plus suivre	Suivi	Tout afficher	Apparence	Taille	Arrière-plan	Plus tôt	Plus tard	Réinitialiser	Décalage : {seconds} s	Autres commandes de lecture	Masquer la vidéo	Afficher la vidéo	Fermer la file	Activé	Ouvrir un fichier…	Ouvrir un dossier…	Ouvrir une URL…	Fichier	Affichage	Fenêtre	Enregistrer les modifications	Couleur du thème et de l’avatar
gn	Epytu’u	Ejapo jey	Emokirirĩ	Emyendy ñe’ẽpu	Emohenda	Emyenyhẽ	Tendyha tuichakue	Esẽ tendyha tuichakuégui	Ñe’ẽpu hatãkue	Eñongatu	Embogue	Emopotĩ	Esegui	Anive esegui	Ojesegui	Ehechauka opaite	Hechapy	Tuichakue	Tugua	Mboyve	Upe rire	Emoñepyrũ jey	Ñembotapykue: {seconds} aravo’ive	Ñemboja ñangarekoha ambue	Emokañy ta’ãngamýi	Ehechauka ta’ãngamýi	Emboty tysýi	Hendy	Eipe’a marandurenda…	Eipe’a ryru…	Eipe’a URL…	Marandurenda	Hecha	Ovetã	Eñongatu ñemoambue	Tema ha nde ra’anga sa’y
hi	रोकें	दोहराएँ	आवाज़ बंद करें	आवाज़ चालू करें	फ़िट करें	भरें	पूर्ण स्क्रीन	पूर्ण स्क्रीन से बाहर निकलें	आवाज़	सहेजें	हटाएँ	साफ़ करें	फ़ॉलो करें	अनफ़ॉलो करें	फ़ॉलो कर रहे हैं	सभी दिखाएँ	रूप	आकार	पृष्ठभूमि	पहले	बाद में	रीसेट करें	देरी: {seconds} सेकंड	अधिक प्लेबैक नियंत्रण	वीडियो छिपाएँ	वीडियो दिखाएँ	कतार बंद करें	चालू	फ़ाइल खोलें…	फ़ोल्डर खोलें…	URL खोलें…	फ़ाइल	देखें	विंडो	बदलाव सहेजें	थीम और अवतार का रंग
hr	Pauza	Ponavljaj	Isključi zvuk	Uključi zvuk	Prilagodi	Ispuni	Cijeli zaslon	Izađi iz cijelog zaslona	Glasnoća	Spremi	Izbriši	Očisti	Prati	Prestani pratiti	Pratite	Prikaži sve	Izgled	Veličina	Pozadina	Ranije	Kasnije	Vrati na zadano	Odgoda: {seconds} s	Više kontrola reprodukcije	Sakrij video	Prikaži video	Zatvori red	Uključeno	Otvori datoteku…	Otvori mapu…	Otvori URL…	Datoteka	Prikaz	Prozor	Spremi promjene	Boja teme i avatara
hu	Szünet	Ismétlés	Némítás	Hang bekapcsolása	Igazítás	Kitöltés	Teljes képernyő	Kilépés a teljes képernyőből	Hangerő	Mentés	Törlés	Kiürítés	Követés	Követés leállítása	Követve	Összes megjelenítése	Megjelenés	Méret	Háttér	Korábban	Később	Visszaállítás	Késleltetés: {seconds} mp	További lejátszási vezérlők	Videó elrejtése	Videó megjelenítése	Sor bezárása	Be	Fájl megnyitása…	Mappa megnyitása…	URL megnyitása…	Fájl	Nézet	Ablak	Módosítások mentése	Téma és avatar színe
id	Jeda	Ulangi	Bisukan	Aktifkan suara	Sesuaikan	Isi	Layar penuh	Keluar layar penuh	Volume	Simpan	Hapus	Bersihkan	Ikuti	Berhenti mengikuti	Mengikuti	Tampilkan semua	Tampilan	Ukuran	Latar belakang	Lebih awal	Lebih lambat	Atur ulang	Jeda waktu: {seconds} dtk	Kontrol pemutaran lainnya	Sembunyikan video	Tampilkan video	Tutup antrean	Aktif	Buka file…	Buka folder…	Buka URL…	File	Tampilan	Jendela	Simpan perubahan	Warna tema dan avatar
it	Pausa	Ripeti	Disattiva audio	Attiva audio	Adatta	Riempi	Schermo intero	Esci dallo schermo intero	Volume	Salva	Elimina	Cancella	Segui	Non seguire più	Seguito	Mostra tutto	Aspetto	Dimensione	Sfondo	Prima	Dopo	Ripristina	Ritardo: {seconds} s	Altri controlli di riproduzione	Nascondi video	Mostra video	Chiudi coda	Attivo	Apri file…	Apri cartella…	Apri URL…	File	Visualizza	Finestra	Salva modifiche	Colore del tema e dell’avatar
ja	一時停止	リピート	ミュート	ミュート解除	画面に合わせる	画面を埋める	全画面	全画面を終了	音量	保存	削除	消去	フォロー	フォロー解除	フォロー中	すべて表示	外観	サイズ	背景	早める	遅らせる	リセット	遅延: {seconds} 秒	その他の再生操作	動画を非表示	動画を表示	キューを閉じる	オン	ファイルを開く…	フォルダーを開く…	URL を開く…	ファイル	表示	ウィンドウ	変更を保存	テーマとアバターの色
ka	პაუზა	გამეორება	ხმის გამორთვა	ხმის ჩართვა	მორგება	შევსება	სრული ეკრანი	სრული ეკრანიდან გამოსვლა	ხმის დონე	შენახვა	წაშლა	გასუფთავება	გამოწერა	გამოწერის გაუქმება	გამოწერილია	ყველას ჩვენება	იერსახე	ზომა	ფონი	ადრე	გვიან	განულება	დაყოვნება: {seconds} წმ	დაკვრის სხვა კონტროლები	ვიდეოს დამალვა	ვიდეოს ჩვენება	რიგის დახურვა	ჩართულია	ფაილის გახსნა…	საქაღალდის გახსნა…	URL-ის გახსნა…	ფაილი	ხედი	ფანჯარა	ცვლილებების შენახვა	თემისა და ავატარის ფერი
kk	Кідірту	Қайталау	Дыбысты өшіру	Дыбысты қосу	Сыйдыру	Толтыру	Толық экран	Толық экраннан шығу	Дыбыс деңгейі	Сақтау	Жою	Тазалау	Жазылу	Жазылудан бас тарту	Жазылған	Барлығын көрсету	Көрініс	Өлшем	Фон	Ертерек	Кейінірек	Қалпына келтіру	Кідіріс: {seconds} с	Қосымша ойнату басқару элементтері	Бейнені жасыру	Бейнені көрсету	Кезекті жабу	Қосулы	Файлды ашу…	Қалтаны ашу…	URL ашу…	Файл	Көрініс	Терезе	Өзгерістерді сақтау	Тақырып пен аватар түсі
ko	일시정지	반복	음소거	음소거 해제	맞춤	채우기	전체 화면	전체 화면 종료	음량	저장	삭제	지우기	팔로우	팔로우 취소	팔로우 중	모두 표시	모양	크기	배경	앞당기기	늦추기	초기화	지연: {seconds}초	추가 재생 컨트롤	동영상 숨기기	동영상 표시	대기열 닫기	켜짐	파일 열기…	폴더 열기…	URL 열기…	파일	보기	창	변경 사항 저장	테마 및 아바타 색상
lv	Pauze	Atkārtot	Izslēgt skaņu	Ieslēgt skaņu	Ietilpināt	Aizpildīt	Pilnekrāns	Iziet no pilnekrāna	Skaļums	Saglabāt	Dzēst	Notīrīt	Sekot	Pārtraukt sekot	Sekojat	Rādīt visu	Izskats	Izmērs	Fons	Agrāk	Vēlāk	Atiestatīt	Aizkave: {seconds} s	Vairāk atskaņošanas vadīklu	Paslēpt video	Rādīt video	Aizvērt rindu	Ieslēgts	Atvērt failu…	Atvērt mapi…	Atvērt URL…	Fails	Skats	Logs	Saglabāt izmaiņas	Motīva un avatāra krāsa
ms	Jeda	Ulang	Senyapkan	Nyahsenyap	Muatkan	Penuhkan	Skrin penuh	Keluar skrin penuh	Kelantangan	Simpan	Padam	Kosongkan	Ikut	Berhenti ikut	Mengikuti	Tunjukkan semua	Penampilan	Saiz	Latar belakang	Lebih awal	Lebih lewat	Tetapkan semula	Lengah: {seconds} s	Lebih banyak kawalan main balik	Sembunyikan video	Tunjukkan video	Tutup baris gilir	Hidup	Buka fail…	Buka folder…	Buka URL…	Fail	Paparan	Tetingkap	Simpan perubahan	Warna tema dan avatar
my	ခေတ္တရပ်ရန်	ထပ်ဖွင့်ရန်	အသံပိတ်ရန်	အသံဖွင့်ရန်	အံဝင်အောင်	ပြည့်အောင်	မျက်နှာပြင်အပြည့်	မျက်နှာပြင်အပြည့်မှ ထွက်ရန်	အသံအတိုးအကျယ်	သိမ်းရန်	ဖျက်ရန်	ရှင်းရန်	လိုက်ရန်	မလိုက်တော့ရန်	လိုက်နေသည်	အားလုံးပြရန်	အသွင်အပြင်	အရွယ်အစား	နောက်ခံ	စောစေရန်	နောက်ကျစေရန်	ပြန်သတ်မှတ်ရန်	နှောင့်နှေးမှု: {seconds} စက္ကန့်	နောက်ထပ် ဖွင့်ခြင်းထိန်းချုပ်မှုများ	ဗီဒီယိုဖျောက်ရန်	ဗီဒီယိုပြရန်	အစီအစဉ်ပိတ်ရန်	ဖွင့်ထားသည်	ဖိုင်ဖွင့်ရန်…	ဖိုင်တွဲဖွင့်ရန်…	URL ဖွင့်ရန်…	ဖိုင်	မြင်ကွင်း	ဝင်းဒိုး	အပြောင်းအလဲများ သိမ်းရန်	အပြင်အဆင်နှင့် ကိုယ်ပွားအရောင်
nl	Pauzeren	Herhalen	Dempen	Geluid inschakelen	Passend	Vullen	Volledig scherm	Volledig scherm verlaten	Volume	Opslaan	Verwijderen	Wissen	Volgen	Ontvolgen	Gevolgd	Alles tonen	Weergave	Grootte	Achtergrond	Eerder	Later	Herstellen	Vertraging: {seconds} s	Meer afspeelbediening	Video verbergen	Video tonen	Wachtrij sluiten	Aan	Bestand openen…	Map openen…	URL openen…	Bestand	Weergave	Venster	Wijzigingen opslaan	Thema- en avatarkleur
pcm	Pause am	Repeat am	Off di sound	On di sound	Make am fit	Fill di screen	Full screen	Comot full screen	Sound level	Save am	Delete am	Clear am	Follow am	Stop to follow	You dey follow	Show all	How e look	Size	Background	Earlier small	Later small	Reset am	Delay: {seconds} seconds	More controls for playback	Hide di video	Show di video	Close di queue	E dey on	Open file…	Open folder…	Open URL…	File	View	Window	Save di changes	Theme and avatar colour
pl	Pauza	Powtarzaj	Wycisz	Włącz dźwięk	Dopasuj	Wypełnij	Pełny ekran	Wyjdź z pełnego ekranu	Głośność	Zapisz	Usuń	Wyczyść	Obserwuj	Przestań obserwować	Obserwujesz	Pokaż wszystko	Wygląd	Rozmiar	Tło	Wcześniej	Później	Resetuj	Opóźnienie: {seconds} s	Więcej opcji odtwarzania	Ukryj wideo	Pokaż wideo	Zamknij kolejkę	Wł.	Otwórz plik…	Otwórz folder…	Otwórz URL…	Plik	Widok	Okno	Zapisz zmiany	Kolor motywu i awatara
pt	Pausar	Repetir	Silenciar	Ativar som	Ajustar	Preencher	Tela cheia	Sair da tela cheia	Volume	Salvar	Excluir	Limpar	Seguir	Deixar de seguir	Seguindo	Mostrar tudo	Aparência	Tamanho	Fundo	Mais cedo	Mais tarde	Redefinir	Atraso: {seconds} s	Mais controles de reprodução	Ocultar vídeo	Mostrar vídeo	Fechar fila	Ativado	Abrir arquivo…	Abrir pasta…	Abrir URL…	Arquivo	Visualizar	Janela	Salvar alterações	Cor do tema e avatar
ro	Pauză	Repetă	Dezactivează sunetul	Activează sunetul	Potrivește	Umple	Ecran complet	Ieși din ecran complet	Volum	Salvează	Șterge	Golește	Urmărește	Nu mai urmări	Urmărit	Arată tot	Aspect	Dimensiune	Fundal	Mai devreme	Mai târziu	Resetează	Întârziere: {seconds} s	Mai multe comenzi de redare	Ascunde videoclipul	Arată videoclipul	Închide coada	Activat	Deschide fișier…	Deschide dosar…	Deschide URL…	Fișier	Vizualizare	Fereastră	Salvează modificările	Culoarea temei și avatarului
ru	Пауза	Повтор	Выключить звук	Включить звук	Вписать	Заполнить	Полный экран	Выйти из полного экрана	Громкость	Сохранить	Удалить	Очистить	Подписаться	Отписаться	Подписка оформлена	Показать всё	Оформление	Размер	Фон	Раньше	Позже	Сбросить	Задержка: {seconds} с	Другие элементы управления	Скрыть видео	Показать видео	Закрыть очередь	Вкл.	Открыть файл…	Открыть папку…	Открыть URL…	Файл	Вид	Окно	Сохранить изменения	Цвет темы и аватара
sv	Pausa	Upprepa	Stäng av ljud	Slå på ljud	Anpassa	Fyll	Helskärm	Avsluta helskärm	Volym	Spara	Ta bort	Rensa	Följ	Sluta följa	Följer	Visa alla	Utseende	Storlek	Bakgrund	Tidigare	Senare	Återställ	Fördröjning: {seconds} s	Fler uppspelningskontroller	Dölj video	Visa video	Stäng kö	På	Öppna fil…	Öppna mapp…	Öppna URL…	Arkiv	Visa	Fönster	Spara ändringar	Tema- och avatarfärg
th	หยุดชั่วคราว	เล่นซ้ำ	ปิดเสียง	เปิดเสียง	พอดี	เต็มพื้นที่	เต็มหน้าจอ	ออกจากเต็มหน้าจอ	ระดับเสียง	บันทึก	ลบ	ล้าง	ติดตาม	เลิกติดตาม	กำลังติดตาม	แสดงทั้งหมด	ลักษณะ	ขนาด	พื้นหลัง	เร็วขึ้น	ช้าลง	รีเซ็ต	หน่วงเวลา: {seconds} วินาที	การควบคุมการเล่นเพิ่มเติม	ซ่อนวิดีโอ	แสดงวิดีโอ	ปิดคิว	เปิด	เปิดไฟล์…	เปิดโฟลเดอร์…	เปิด URL…	ไฟล์	มุมมอง	หน้าต่าง	บันทึกการเปลี่ยนแปลง	สีธีมและรูปประจำตัว
tr	Duraklat	Tekrarla	Sesi kapat	Sesi aç	Sığdır	Doldur	Tam ekran	Tam ekrandan çık	Ses düzeyi	Kaydet	Sil	Temizle	Takip et	Takibi bırak	Takip ediliyor	Tümünü göster	Görünüm	Boyut	Arka plan	Daha erken	Daha geç	Sıfırla	Gecikme: {seconds} sn	Diğer oynatma kontrolleri	Videoyu gizle	Videoyu göster	Kuyruğu kapat	Açık	Dosya aç…	Klasör aç…	URL aç…	Dosya	Görünüm	Pencere	Değişiklikleri kaydet	Tema ve avatar rengi
uk	Пауза	Повтор	Вимкнути звук	Увімкнути звук	Вписати	Заповнити	Повний екран	Вийти з повного екрана	Гучність	Зберегти	Видалити	Очистити	Стежити	Припинити стежити	Стежите	Показати все	Вигляд	Розмір	Тло	Раніше	Пізніше	Скинути	Затримка: {seconds} с	Інші елементи керування	Приховати відео	Показати відео	Закрити чергу	Увімк.	Відкрити файл…	Відкрити папку…	Відкрити URL…	Файл	Вигляд	Вікно	Зберегти зміни	Колір теми й аватара
ur	توقف	دہرائیں	آواز بند کریں	آواز کھولیں	فٹ کریں	بھریں	پوری اسکرین	پوری اسکرین سے نکلیں	آواز کی سطح	محفوظ کریں	حذف کریں	صاف کریں	فالو کریں	فالو ختم کریں	فالو کر رہے ہیں	سب دکھائیں	ظاہری شکل	سائز	پس منظر	پہلے	بعد میں	ری سیٹ کریں	تاخیر: {seconds} سیکنڈ	مزید پلے بیک کنٹرول	ویڈیو چھپائیں	ویڈیو دکھائیں	قطار بند کریں	فعال	فائل کھولیں…	فولڈر کھولیں…	URL کھولیں…	فائل	دیکھیں	ونڈو	تبدیلیاں محفوظ کریں	تھیم اور اوتار کا رنگ
uz	Pauza	Takrorlash	Ovozni o‘chirish	Ovozni yoqish	Moslashtirish	To‘ldirish	To‘liq ekran	To‘liq ekrandan chiqish	Ovoz balandligi	Saqlash	O‘chirish	Tozalash	Kuzatish	Kuzatishni to‘xtatish	Kuzatilmoqda	Barchasini ko‘rsatish	Ko‘rinish	O‘lcham	Fon	Oldinroq	Keyinroq	Tiklash	Kechikish: {seconds} s	Boshqa ijro boshqaruvlari	Videoni yashirish	Videoni ko‘rsatish	Navbatni yopish	Yoqilgan	Faylni ochish…	Jildni ochish…	URL ochish…	Fayl	Ko‘rinish	Oyna	O‘zgarishlarni saqlash	Mavzu va avatar rangi
vi	Tạm dừng	Lặp lại	Tắt tiếng	Bật tiếng	Vừa khung	Lấp đầy	Toàn màn hình	Thoát toàn màn hình	Âm lượng	Lưu	Xóa	Xóa sạch	Theo dõi	Bỏ theo dõi	Đang theo dõi	Hiện tất cả	Giao diện	Kích thước	Nền	Sớm hơn	Muộn hơn	Đặt lại	Độ trễ: {seconds} giây	Thêm điều khiển phát	Ẩn video	Hiện video	Đóng hàng đợi	Bật	Mở tệp…	Mở thư mục…	Mở URL…	Tệp	Xem	Cửa sổ	Lưu thay đổi	Màu chủ đề và ảnh đại diện
zh	暂停	重复	静音	取消静音	适应	填充	全屏	退出全屏	音量	保存	删除	清除	关注	取消关注	已关注	显示全部	外观	大小	背景	提前	延后	重置	延迟：{seconds} 秒	更多播放控件	隐藏视频	显示视频	关闭队列	开启	打开文件…	打开文件夹…	打开 URL…	文件	视图	窗口	保存更改	主题和头像颜色
