locale	loadFailed
en	Could not load content. Please try again.
pt	Não foi possível carregar o conteúdo. Tente novamente.
es	No se pudo cargar el contenido. Inténtalo de nuevo.
ru	Не удалось загрузить содержимое. Попробуйте снова.
tr	İçerik yüklenemedi. Lütfen tekrar deneyin.
fr	Impossible de charger le contenu. Réessayez.
de	Der Inhalt konnte nicht geladen werden. Versuche es erneut.
hi	सामग्री लोड नहीं हो सकी। कृपया फिर से कोशिश करें।
it	Impossibile caricare il contenuto. Riprova.
ja	コンテンツを読み込めませんでした。もう一度お試しください。
ko	콘텐츠를 불러올 수 없습니다. 다시 시도하세요.
ar	تعذر تحميل المحتوى. حاول مرة أخرى.
zh	无法加载内容。请重试。
id	Konten tidak dapat dimuat. Silakan coba lagi.
my	အကြောင်းအရာကို မဖွင့်နိုင်ပါ။ ထပ်မံကြိုးစားပါ။
pl	Nie udało się wczytać zawartości. Spróbuj ponownie.
da	Indholdet kunne ikke indlæses. Prøv igen.
kk	Мазмұнды жүктеу мүмкін болмады. Қайталап көріңіз.
cs	Obsah se nepodařilo načíst. Zkuste to znovu.
hu	A tartalom nem tölthető be. Próbáld újra.
ka	შიგთავსის ჩატვირთვა ვერ მოხერხდა. სცადეთ ხელახლა.
sv	Det gick inte att läsa in innehållet. Försök igen.
uz	Kontentni yuklab bo‘lmadi. Qayta urinib ko‘ring.
fil	Hindi ma-load ang nilalaman. Subukan muli.
lv	Neizdevās ielādēt saturu. Mēģiniet vēlreiz.
bn	বিষয়বস্তু লোড করা যায়নি। আবার চেষ্টা করুন।
pcm	We no fit load the content. Try again.
hr	Sadržaj se nije mogao učitati. Pokušajte ponovno.
ms	Kandungan tidak dapat dimuatkan. Cuba lagi.
fa	محتوا بارگیری نشد. دوباره تلاش کنید.
et	Sisu ei õnnestunud laadida. Proovi uuesti.
gn	Ndaikatúi ojehechauka ipypegua. Eñeha'ã jey.
vi	Không thể tải nội dung. Vui lòng thử lại.
th	โหลดเนื้อหาไม่ได้ โปรดลองอีกครั้ง
ur	مواد لوڈ نہیں ہو سکا۔ دوبارہ کوشش کریں۔
uk	Не вдалося завантажити вміст. Спробуйте ще раз.
nl	De inhoud kon niet worden geladen. Probeer opnieuw.
ro	Conținutul nu a putut fi încărcat. Încearcă din nou.
