locale	live	sponsored	removeFromPlaylist	likedSongsHelp	apiSingleVideoHint	linkCopied	willPlayNext	checkItOut
en	Live	Sponsored	Remove from playlist	Save songs to see them here	You can add this video without importing the playlist.	Link copied	Will play next	Check it out
de	Live	Gesponsert	Aus Playlist entfernen	Speichere Songs, um sie hier zu sehen	Du kannst dieses Video hinzufügen, ohne die Playlist zu importieren.	Link kopiert	Wird als Nächstes abgespielt	Ansehen
pt	Ao vivo	Patrocinado	Remover da playlist	Salve músicas para vê-las aqui	Você pode adicionar este vídeo sem importar a playlist.	Link copiado	Será reproduzido a seguir	Confira
es	En directo	Patrocinado	Quitar de la playlist	Guarda canciones para verlas aquí	Puedes añadir este vídeo sin importar la playlist.	Enlace copiado	Se reproducirá a continuación	Descúbrelo
fr	En direct	Sponsorisé	Retirer de la playlist	Enregistrez des morceaux pour les voir ici	Vous pouvez ajouter cette vidéo sans importer la playlist.	Lien copié	Sera lu ensuite	Découvrir
it	In diretta	Sponsorizzato	Rimuovi dalla playlist	Salva brani per vederli qui	Puoi aggiungere questo video senza importare la playlist.	Link copiato	Verrà riprodotto dopo	Scopri
nl	Live	Gesponsord	Verwijderen uit afspeellijst	Sla nummers op om ze hier te zien	Je kunt deze video toevoegen zonder de afspeellijst te importeren.	Link gekopieerd	Wordt hierna afgespeeld	Bekijk het
ru	В прямом эфире	Реклама	Удалить из плейлиста	Сохраните песни, чтобы увидеть их здесь	Можно добавить это видео без импорта плейлиста.	Ссылка скопирована	Будет воспроизведено следующим	Посмотреть
da	Live	Sponsoreret	Fjern fra afspilningsliste	Gem sange for at se dem her	Du kan tilføje denne video uden at importere afspilningslisten.	Link kopieret	Afspilles som næste	Se nærmere
sv	Live	Sponsrat	Ta bort från spellista	Spara låtar för att se dem här	Du kan lägga till videon utan att importera spellistan.	Länk kopierad	Spelas härnäst	Ta en titt
pl	Na żywo	Sponsorowane	Usuń z playlisty	Zapisz utwory, aby zobaczyć je tutaj	Możesz dodać to wideo bez importowania playlisty.	Link skopiowany	Zostanie odtworzone jako następne	Sprawdź
cs	Živě	Sponzorováno	Odebrat z playlistu	Uložte skladby, aby se tu zobrazily	Toto video můžete přidat bez importu playlistu.	Odkaz zkopírován	Přehraje se jako další	Prohlédnout
ro	În direct	Sponsorizat	Elimină din playlist	Salvează melodii pentru a le vedea aici	Poți adăuga acest videoclip fără să imporți playlistul.	Link copiat	Se va reda în continuare	Descoperă
hu	Élő	Szponzorált	Eltávolítás a listából	Ments dalokat, hogy itt megjelenjenek	A videót a lejátszási lista importálása nélkül is hozzáadhatod.	Hivatkozás másolva	Ez következik	Nézd meg
hr	Uživo	Sponzorirano	Ukloni s popisa	Spremite pjesme da ih vidite ovdje	Ovaj video možete dodati bez uvoza popisa za reprodukciju.	Poveznica kopirana	Reproducirat će se sljedeće	Pogledajte
et	Otse	Sponsoreeritud	Eemalda esitusloendist	Salvesta lugusid, et neid siin näha	Saad selle video lisada esitusloendit importimata.	Link kopeeritud	Esitatakse järgmisena	Vaata lähemalt
lv	Tiešraide	Sponsorēts	Izņemt no saraksta	Saglabājiet dziesmas, lai tās redzētu šeit	Šo video varat pievienot, neimportējot atskaņošanas sarakstu.	Saite nokopēta	Tiks atskaņots nākamais	Apskatīt
tr	Canlı	Sponsorlu	Çalma listesinden kaldır	Şarkıları kaydedin, burada görünsünler	Çalma listesini içe aktarmadan bu videoyu ekleyebilirsiniz.	Bağlantı kopyalandı	Sırada oynatılacak	İncele
ja	ライブ	スポンサー	プレイリストから削除	曲を保存するとここに表示されます	プレイリストを取り込まずにこの動画を追加できます。	リンクをコピーしました	次に再生されます	詳しく見る
ko	실시간	스폰서	재생목록에서 제거	노래를 저장하면 여기에 표시됩니다	재생목록을 가져오지 않고 이 동영상을 추가할 수 있습니다.	링크 복사됨	다음에 재생됩니다	살펴보기
zh	直播	赞助	从播放列表移除	保存歌曲后会显示在这里	你可以添加此视频而不导入播放列表。	已复制链接	将作为下一首播放	查看详情
id	Langsung	Bersponsor	Hapus dari playlist	Simpan lagu untuk melihatnya di sini	Anda dapat menambahkan video ini tanpa mengimpor playlist.	Tautan disalin	Akan diputar berikutnya	Lihat
ms	Langsung	Ditaja	Alih keluar daripada senarai main	Simpan lagu untuk melihatnya di sini	Anda boleh menambah video ini tanpa mengimport senarai main.	Pautan disalin	Akan dimainkan seterusnya	Lihat
fil	Live	Sponsored	Alisin sa playlist	Mag-save ng kanta para makita rito	Maaari mong idagdag ang video nang hindi ini-import ang playlist.	Nakopya ang link	Susunod na ipe-play	Tingnan
vi	Trực tiếp	Được tài trợ	Xóa khỏi danh sách phát	Lưu bài hát để thấy chúng ở đây	Bạn có thể thêm video này mà không nhập danh sách phát.	Đã sao chép liên kết	Sẽ phát tiếp theo	Xem thêm
th	ถ่ายทอดสด	ได้รับการสนับสนุน	นำออกจากเพลย์ลิสต์	บันทึกเพลงเพื่อดูที่นี่	คุณสามารถเพิ่มวิดีโอนี้โดยไม่ต้องนำเข้าเพลย์ลิสต์	คัดลอกลิงก์แล้ว	จะเล่นเป็นรายการถัดไป	ดูเพิ่มเติม
ar	مباشر	برعاية	إزالة من قائمة التشغيل	احفظ الأغاني لتراها هنا	يمكنك إضافة هذا الفيديو دون استيراد قائمة التشغيل.	نُسخ الرابط	سيُشغّل تاليًا	استكشف
fa	زنده	حمایت‌شده	حذف از فهرست پخش	آهنگ‌ها را ذخیره کنید تا اینجا ببینید	می‌توانید این ویدیو را بدون واردکردن فهرست پخش اضافه کنید.	پیوند کپی شد	در ادامه پخش می‌شود	مشاهده
ur	براہِ راست	اسپانسر شدہ	پلے لسٹ سے ہٹائیں	یہاں دیکھنے کے لیے گانے محفوظ کریں	آپ پلے لسٹ درآمد کیے بغیر یہ ویڈیو شامل کر سکتے ہیں۔	لنک کاپی ہو گیا	اگلا چلایا جائے گا	دیکھیں
hi	लाइव	प्रायोजित	प्लेलिस्ट से हटाएँ	यहाँ देखने के लिए गाने सहेजें	आप प्लेलिस्ट आयात किए बिना यह वीडियो जोड़ सकते हैं।	लिंक कॉपी हुआ	अगला चलाया जाएगा	देखें
bn	সরাসরি	স্পন্সর করা	প্লেলিস্ট থেকে সরান	এখানে দেখতে গান সংরক্ষণ করুন	প্লেলিস্ট আমদানি না করেই এই ভিডিও যোগ করতে পারেন।	লিঙ্ক কপি হয়েছে	পরেরটি চলবে	দেখুন
my	တိုက်ရိုက်	ပံ့ပိုးထားသည်	အစီအစဉ်မှ ဖယ်ရန်	ဤနေရာတွင် မြင်ရန် သီချင်းများ သိမ်းပါ	အစီအစဉ်မတင်သွင်းဘဲ ဤဗီဒီယိုကို ထည့်နိုင်သည်။	လင့်ခ်ကူးပြီး	နောက်တစ်ခု ဖွင့်မည်	ကြည့်ရန်
uk	Наживо	Реклама	Вилучити зі списку	Збережіть пісні, щоб побачити їх тут	Можна додати це відео без імпорту списку відтворення.	Посилання скопійовано	Буде відтворено наступним	Переглянути
kk	Тікелей эфир	Демеушілік	Тізімнен алып тастау	Әндерді сақтасаңыз, осында көрінеді	Бұл бейнені тізімді импорттамай қосуға болады.	Сілтеме көшірілді	Келесі болып ойнатылады	Қарау
uz	Jonli	Homiylik qilingan	Pleylistdan olib tashlash	Qo‘shiqlarni saqlang, ular shu yerda ko‘rinadi	Pleylistni import qilmasdan bu videoni qo‘shish mumkin.	Havola nusxalandi	Keyingi bo‘lib ijro etiladi	Ko‘rib chiqish
ka	პირდაპირ ეთერში	დასპონსორებული	სიიდან ამოღება	შეინახეთ სიმღერები, რომ აქ გამოჩნდეს	ვიდეოს დამატება სიის იმპორტის გარეშეც შეგიძლიათ.	ბმული დაკოპირდა	შემდეგ დაიკვრება	ნახვა
pcm	E dey live	Dem sponsor am	Remove am from playlist	Save songs make you see dem here	You fit add dis video without importing di playlist.	Don copy di link	E go play next	Check am out
gn	Ñembohasa ko’ág̃a	Oñepytyvõva	Eipe’a tysýigui	Eñongatu purahéi rehecha hag̃ua ko’ápe	Ikatu remoĩ ko ta’ãngamýi regueru’ỹre purahéi tysýi.	Joajuha ojekopia	Oñembojáta upe rire	Ehecha
