locale	playOn	thisDevice	availableDevices	searchingDevices	refresh	connecting	connectingTo	connected	unsupportedOutput	airPlayAudioOutput	returnForAirPlay	openSoundSettings	soundSettingsError	systemOutput	playingOn	chooseAirPlay	airPlayDevice	playOnIphone	chooseIphone	profile	preferences	themeColor	yourMusic	apiCredentials	dataStorage	editProfileHelp	customProvider	defaultProvider	proExperience	beta	loading	unknown
ar	التشغيل على	هذا الجهاز	الأجهزة المتاحة	جارٍ البحث عن أجهزة…	تحديث	جارٍ الاتصال…	جارٍ الاتصال بـ {name}…	متصل	لا يمكن تشغيل هذا المصدر على هذا المخرج.	AirPlay ومخرج الصوت	شغّل على هذا الجهاز لاستخدام AirPlay.	افتح إعدادات الصوت لاختيار مخرج.	تعذر فتح إعدادات الصوت.	مخرج النظام	جارٍ التشغيل على {name}	اضغط زر AirPlay لاختيار مكبر صوت أو تلفاز.	جهاز AirPlay	التشغيل على هذا iPhone	اختر هذا iPhone باستخدام زر AirPlay أدناه.	الملف الشخصي	التفضيلات	لون السمة	موسيقاك	بيانات اعتماد API	البيانات والتخزين	عيّن اسمك وصورتك الرمزية	موفر مخصص	الإعداد الافتراضي لـ PPPlayer	تجربة Pro مفعّلة	تجريبي	جارٍ التحميل…	غير معروف
bn	এতে চালান	এই ডিভাইস	উপলব্ধ ডিভাইস	ডিভাইস খোঁজা হচ্ছে…	রিফ্রেশ করুন	সংযোগ করা হচ্ছে…	{name}-এর সঙ্গে সংযোগ করা হচ্ছে…	সংযুক্ত	এই উৎস এই আউটপুটে চালানো যাবে না।	AirPlay ও অডিও আউটপুট	AirPlay ব্যবহার করতে এই ডিভাইসে চালান।	আউটপুট বাছতে শব্দের সেটিংস খুলুন।	শব্দের সেটিংস খোলা যায়নি।	সিস্টেম আউটপুট	{name}-এ চলছে	স্পিকার বা টিভি বাছতে AirPlay বোতামে ট্যাপ করুন।	AirPlay ডিভাইস	এই iPhone-এ চালান	নিচের AirPlay বোতাম দিয়ে এই iPhone বাছুন।	প্রোফাইল	পছন্দসমূহ	থিমের রং	আপনার সংগীত	API পরিচয়পত্র	ডেটা ও স্টোরেজ	আপনার নাম ও অবতার সেট করুন	কাস্টম প্রদানকারী	PPPlayer-এর ডিফল্ট	Pro অভিজ্ঞতা সক্রিয়	বেটা	লোড হচ্ছে…	অজানা
cs	Přehrávat na	Toto zařízení	Dostupná zařízení	Vyhledávání zařízení…	Obnovit	Připojování…	Připojování k {name}…	Připojeno	Tento zdroj nelze na tomto výstupu přehrát.	AirPlay a zvukový výstup	Chcete-li použít AirPlay, přehrávejte na tomto zařízení.	Otevřete nastavení zvuku a vyberte výstup.	Nastavení zvuku se nepodařilo otevřít.	Systémový výstup	Přehrávání na {name}	Klepnutím na tlačítko AirPlay vyberte reproduktor nebo televizor.	Zařízení AirPlay	Přehrávat na tomto iPhonu	Vyberte tento iPhone tlačítkem AirPlay níže.	Profil	Předvolby	Barva motivu	Vaše hudba	Přihlašovací údaje API	Data a úložiště	Nastavte si jméno a avatar	Vlastní poskytovatel	Výchozí PPPlayer	Režim Pro aktivní	Beta	Načítání…	Neznámé
da	Afspil på	Denne enhed	Tilgængelige enheder	Søger efter enheder…	Opdater	Opretter forbindelse…	Opretter forbindelse til {name}…	Tilsluttet	Denne kilde kan ikke afspilles på denne udgang.	AirPlay og lydudgang	Afspil på denne enhed for at bruge AirPlay.	Åbn lydindstillingerne for at vælge en udgang.	Kunne ikke åbne lydindstillingerne.	Systemudgang	Afspiller på {name}	Tryk på AirPlay-knappen for at vælge en højttaler eller et tv.	AirPlay-enhed	Afspil på denne iPhone	Vælg denne iPhone med AirPlay-knappen nedenfor.	Profil	Indstillinger	Temafarve	Din musik	API-oplysninger	Data og lager	Indstil dit navn og din avatar	Tilpasset udbyder	PPPlayer-standard	Pro-oplevelse aktiv	Beta	Indlæser…	Ukendt
de	Wiedergeben auf	Dieses Gerät	Verfügbare Geräte	Geräte werden gesucht…	Aktualisieren	Verbindung wird hergestellt…	Verbindung mit {name} wird hergestellt…	Verbunden	Diese Quelle kann auf diesem Gerät nicht wiedergegeben werden.	AirPlay und Audioausgabe	Für AirPlay auf diesem Gerät wiedergeben.	Öffne die Toneinstellungen, um eine Ausgabe auszuwählen.	Die Toneinstellungen konnten nicht geöffnet werden.	Systemausgabe	Wiedergabe auf {name}	Tippe auf die AirPlay-Taste, um einen Lautsprecher oder Fernseher auszuwählen.	AirPlay-Gerät	Auf diesem iPhone wiedergeben	Wähle dieses iPhone mit der AirPlay-Taste unten aus.	Profil	Einstellungen	Designfarbe	Deine Musik	API-Zugangsdaten	Daten und Speicher	Lege deinen Namen und Avatar fest	Eigener Anbieter	PPPlayer-Standard	Pro-Erlebnis aktiv	Beta	Wird geladen…	Unbekannt
en	Play On	This device	Available devices	Searching for devices…	Refresh	Connecting…	Connecting to {name}…	Connected	This source cannot be played on this output.	AirPlay & audio output	Play on this device to use AirPlay.	Open Sound settings to choose an output.	Could not open Sound settings.	System output	Playing on {name}	Tap the AirPlay button to choose a speaker or TV.	AirPlay device	Play on this iPhone	Choose this iPhone using the AirPlay button below.	Profile	Preferences	Theme color	Your music	API credentials	Data & storage	Set your name and avatar	Custom provider	PPPlayer default	Pro experience active	Beta	Loading…	Unknown
es	Reproducir en	Este dispositivo	Dispositivos disponibles	Buscando dispositivos…	Actualizar	Conectando…	Conectando con {name}…	Conectado	Esta fuente no se puede reproducir en esta salida.	AirPlay y salida de audio	Reproduce en este dispositivo para usar AirPlay.	Abre los ajustes de sonido para elegir una salida.	No se pudieron abrir los ajustes de sonido.	Salida del sistema	Reproduciendo en {name}	Toca el botón de AirPlay para elegir un altavoz o televisor.	Dispositivo AirPlay	Reproducir en este iPhone	Elige este iPhone con el botón de AirPlay de abajo.	Perfil	Preferencias	Color del tema	Tu música	Credenciales de API	Datos y almacenamiento	Configura tu nombre y avatar	Proveedor personalizado	Predeterminado de PPPlayer	Experiencia Pro activa	Beta	Cargando…	Desconocido
et	Esita seadmes	See seade	Saadaolevad seadmed	Seadmete otsimine…	Värskenda	Ühendamine…	Ühendamine seadmega {name}…	Ühendatud	Seda allikat ei saa selle väljundi kaudu esitada.	AirPlay ja heliväljund	AirPlay kasutamiseks esita selles seadmes.	Väljundi valimiseks ava heliseaded.	Heliseadeid ei saanud avada.	Süsteemi väljund	Esitatakse seadmes {name}	Kõlari või teleri valimiseks puuduta AirPlay nuppu.	AirPlay seade	Esita selles iPhone’is	Vali see iPhone alloleva AirPlay nupuga.	Profiil	Eelistused	Teema värv	Sinu muusika	API pääsuandmed	Andmed ja salvestusruum	Määra oma nimi ja avatar	Kohandatud pakkuja	PPPlayeri vaikeseade	Pro-kogemus aktiivne	Beeta	Laadimine…	Tundmatu
fa	پخش در	این دستگاه	دستگاه‌های موجود	در حال جستجوی دستگاه‌ها…	تازه‌سازی	در حال اتصال…	در حال اتصال به {name}…	متصل	این منبع در این خروجی قابل پخش نیست.	AirPlay و خروجی صدا	برای استفاده از AirPlay در این دستگاه پخش کنید.	برای انتخاب خروجی، تنظیمات صدا را باز کنید.	تنظیمات صدا باز نشد.	خروجی سیستم	در حال پخش در {name}	برای انتخاب بلندگو یا تلویزیون، دکمهٔ AirPlay را لمس کنید.	دستگاه AirPlay	پخش در این iPhone	این iPhone را با دکمهٔ AirPlay زیر انتخاب کنید.	نمایه	ترجیحات	رنگ پوسته	موسیقی شما	اطلاعات ورود API	داده و فضای ذخیره‌سازی	نام و آواتار خود را تنظیم کنید	ارائه‌دهندهٔ سفارشی	پیش‌فرض PPPlayer	تجربهٔ Pro فعال	آزمایشی	در حال بارگذاری…	نامشخص
fil	I-play sa	Device na ito	Mga available na device	Naghahanap ng mga device…	I-refresh	Kumokonekta…	Kumokonekta sa {name}…	Nakakonekta	Hindi mape-play ang source na ito sa output na ito.	AirPlay at audio output	I-play sa device na ito para magamit ang AirPlay.	Buksan ang mga setting ng Tunog para pumili ng output.	Hindi mabuksan ang mga setting ng Tunog.	Output ng system	Nagpe-play sa {name}	Pindutin ang AirPlay button para pumili ng speaker o TV.	AirPlay device	I-play sa iPhone na ito	Piliin ang iPhone na ito gamit ang AirPlay button sa ibaba.	Profile	Mga kagustuhan	Kulay ng tema	Iyong musika	Mga kredensyal ng API	Data at storage	Itakda ang iyong pangalan at avatar	Custom na provider	Default ng PPPlayer	Aktibo ang Pro na karanasan	Beta	Naglo-load…	Hindi alam
fr	Lire sur	Cet appareil	Appareils disponibles	Recherche d’appareils…	Actualiser	Connexion…	Connexion à {name}…	Connecté	Cette source ne peut pas être lue sur cette sortie.	AirPlay et sortie audio	Lancez la lecture sur cet appareil pour utiliser AirPlay.	Ouvrez les réglages du son pour choisir une sortie.	Impossible d’ouvrir les réglages du son.	Sortie système	Lecture sur {name}	Touchez le bouton AirPlay pour choisir une enceinte ou un téléviseur.	Appareil AirPlay	Lire sur cet iPhone	Choisissez cet iPhone avec le bouton AirPlay ci-dessous.	Profil	Préférences	Couleur du thème	Votre musique	Identifiants API	Données et stockage	Définissez votre nom et votre avatar	Fournisseur personnalisé	Par défaut de PPPlayer	Expérience Pro active	Bêta	Chargement…	Inconnu
gn	Emboja ipype	Ko tembiporu	Tembiporu ojepurukuaáva	Ojeheka tembiporu…	Embopyahu	Oñembojoaju…	Oñembojoaju {name} ndive…	Oñembojoajuma	Ko ypykue ndaikatúi oñemboja ko ñesẽme.	AirPlay ha ñe’ẽpu ñesẽ	Emboja ko tembiporúpe eipuru hag̃ua AirPlay.	Eipe’a ñe’ẽpu ñemboheko eiporavo hag̃ua ñesẽ.	Ndaikatúi ojepe’a ñe’ẽpu ñemboheko.	Sistema ñesẽ	Oñemboja {name} pe	Epoko AirPlay votõre eiporavo hag̃ua ñe’ẽpuha térã televisor.	AirPlay tembiporu	Emboja ko iPhone-pe	Eiporavo ko iPhone AirPlay votõ yvygua rupive.	Mba’ete	Jeporavopyre	Tema sa’y	Ne purahéi	API jeike rehegua	Marandu ha ñongatuha	Emohenda nde réra ha nde ra’anga	Me’ẽha nde reiporavóva	PPPlayer ñepyrũgua	Pro jeporu oñemyendy	Beta rehegua	Oñembohysýi…	Ojekuaa’ỹva
hi	इस पर चलाएँ	यह डिवाइस	उपलब्ध डिवाइस	डिवाइस खोजे जा रहे हैं…	रिफ्रेश करें	कनेक्ट हो रहा है…	{name} से कनेक्ट हो रहा है…	कनेक्ट हो गया	यह स्रोत इस आउटपुट पर नहीं चलाया जा सकता।	AirPlay और ऑडियो आउटपुट	AirPlay इस्तेमाल करने के लिए इस डिवाइस पर चलाएँ।	आउटपुट चुनने के लिए ध्वनि सेटिंग खोलें।	ध्वनि सेटिंग नहीं खुल सकीं।	सिस्टम आउटपुट	{name} पर चल रहा है	स्पीकर या टीवी चुनने के लिए AirPlay बटन टैप करें।	AirPlay डिवाइस	इस iPhone पर चलाएँ	नीचे दिए AirPlay बटन से इस iPhone को चुनें।	प्रोफ़ाइल	प्राथमिकताएँ	थीम का रंग	आपका संगीत	API क्रेडेंशियल	डेटा और स्टोरेज	अपना नाम और अवतार सेट करें	कस्टम प्रदाता	PPPlayer डिफ़ॉल्ट	Pro अनुभव सक्रिय	बीटा	लोड हो रहा है…	अज्ञात
hr	Reproduciraj na	Ovaj uređaj	Dostupni uređaji	Traženje uređaja…	Osvježi	Povezivanje…	Povezivanje s {name}…	Povezano	Ovaj izvor nije moguće reproducirati na ovom izlazu.	AirPlay i audioizlaz	Reproducirajte na ovom uređaju za korištenje AirPlaya.	Otvorite postavke zvuka i odaberite izlaz.	Nije moguće otvoriti postavke zvuka.	Izlaz sustava	Reprodukcija na {name}	Dodirnite gumb AirPlay za odabir zvučnika ili televizora.	AirPlay uređaj	Reproduciraj na ovom iPhoneu	Odaberite ovaj iPhone pomoću gumba AirPlay u nastavku.	Profil	Postavke	Boja teme	Vaša glazba	API pristupni podaci	Podaci i pohrana	Postavite ime i avatar	Prilagođeni pružatelj	Zadano za PPPlayer	Pro iskustvo aktivno	Beta	Učitavanje…	Nepoznato
hu	Lejátszás ezen	Ez az eszköz	Elérhető eszközök	Eszközök keresése…	Frissítés	Csatlakozás…	Csatlakozás ehhez: {name}…	Csatlakoztatva	Ez a forrás nem játszható le ezen a kimeneten.	AirPlay és hangkimenet	Az AirPlay használatához játssz le ezen az eszközön.	Nyisd meg a hangbeállításokat a kimenet kiválasztásához.	Nem sikerült megnyitni a hangbeállításokat.	Rendszerkimenet	Lejátszás ezen: {name}	Érintsd meg az AirPlay gombot hangszóró vagy tévé kiválasztásához.	AirPlay-eszköz	Lejátszás ezen az iPhone-on	Válaszd ezt az iPhone-t az alábbi AirPlay gombbal.	Profil	Beállítások	Téma színe	A zenéid	API-hozzáférési adatok	Adatok és tárhely	Állítsd be a neved és az avatárod	Egyéni szolgáltató	PPPlayer alapértelmezés	Pro mód aktív	Béta	Betöltés…	Ismeretlen
id	Putar di	Perangkat ini	Perangkat tersedia	Mencari perangkat…	Segarkan	Menghubungkan…	Menghubungkan ke {name}…	Terhubung	Sumber ini tidak dapat diputar pada keluaran ini.	AirPlay dan keluaran audio	Putar di perangkat ini untuk menggunakan AirPlay.	Buka pengaturan Suara untuk memilih keluaran.	Tidak dapat membuka pengaturan Suara.	Keluaran sistem	Memutar di {name}	Ketuk tombol AirPlay untuk memilih speaker atau TV.	Perangkat AirPlay	Putar di iPhone ini	Pilih iPhone ini menggunakan tombol AirPlay di bawah.	Profil	Preferensi	Warna tema	Musik Anda	Kredensial API	Data dan penyimpanan	Atur nama dan avatar Anda	Penyedia khusus	Bawaan PPPlayer	Pengalaman Pro aktif	Beta	Memuat…	Tidak diketahui
it	Riproduci su	Questo dispositivo	Dispositivi disponibili	Ricerca dispositivi…	Aggiorna	Connessione…	Connessione a {name}…	Connesso	Questa sorgente non può essere riprodotta su questa uscita.	AirPlay e uscita audio	Riproduci su questo dispositivo per usare AirPlay.	Apri le impostazioni audio per scegliere un’uscita.	Impossibile aprire le impostazioni audio.	Uscita di sistema	Riproduzione su {name}	Tocca il pulsante AirPlay per scegliere un altoparlante o una TV.	Dispositivo AirPlay	Riproduci su questo iPhone	Scegli questo iPhone con il pulsante AirPlay qui sotto.	Profilo	Preferenze	Colore del tema	La tua musica	Credenziali API	Dati e archiviazione	Imposta il tuo nome e avatar	Provider personalizzato	Predefinito PPPlayer	Esperienza Pro attiva	Beta	Caricamento…	Sconosciuto
ja	再生先	このデバイス	利用可能なデバイス	デバイスを検索中…	更新	接続中…	{name} に接続中…	接続済み	この出力ではこのソースを再生できません。	AirPlay と音声出力	AirPlay を使うには、このデバイスで再生してください。	出力を選ぶにはサウンド設定を開いてください。	サウンド設定を開けませんでした。	システム出力	{name} で再生中	AirPlay ボタンをタップしてスピーカーやテレビを選んでください。	AirPlay デバイス	この iPhone で再生	下の AirPlay ボタンでこの iPhone を選んでください。	プロフィール	環境設定	テーマカラー	あなたの音楽	API 認証情報	データとストレージ	名前とアバターを設定	カスタムプロバイダー	PPPlayer の既定	Pro 機能が有効	ベータ	読み込み中…	不明
ka	დაკვრა მოწყობილობაზე	ეს მოწყობილობა	ხელმისაწვდომი მოწყობილობები	მოწყობილობების ძიება…	განახლება	დაკავშირება…	{name}-თან დაკავშირება…	დაკავშირებულია	ამ წყაროს ამ გამომავალზე დაკვრა შეუძლებელია.	AirPlay და აუდიოგამომავალი	AirPlay-ის გამოსაყენებლად დაუკარით ამ მოწყობილობაზე.	გამომავლის ასარჩევად გახსენით ხმის პარამეტრები.	ხმის პარამეტრები ვერ გაიხსნა.	სისტემის გამომავალი	დაკვრა {name}-ზე	დინამიკის ან ტელევიზორის ასარჩევად შეეხეთ AirPlay ღილაკს.	AirPlay მოწყობილობა	დაკვრა ამ iPhone-ზე	აირჩიეთ ეს iPhone ქვემოთ მოცემული AirPlay ღილაკით.	პროფილი	პარამეტრები	თემის ფერი	თქვენი მუსიკა	API-ის წვდომის მონაცემები	მონაცემები და საცავი	დააყენეთ თქვენი სახელი და ავატარი	მორგებული მომწოდებელი	PPPlayer-ის ნაგულისხმევი	Pro შესაძლებლობები აქტიურია	ბეტა	იტვირთება…	უცნობია
kk	Осы құрылғыда ойнату	Бұл құрылғы	Қолжетімді құрылғылар	Құрылғылар ізделуде…	Жаңарту	Қосылуда…	{name} құрылғысына қосылуда…	Қосылды	Бұл көзді осы шығыста ойнату мүмкін емес.	AirPlay және дыбыс шығысы	AirPlay пайдалану үшін осы құрылғыда ойнатыңыз.	Шығысты таңдау үшін дыбыс параметрлерін ашыңыз.	Дыбыс параметрлерін ашу мүмкін болмады.	Жүйелік шығыс	{name} құрылғысында ойнатылуда	Динамик немесе теледидар таңдау үшін AirPlay түймесін түртіңіз.	AirPlay құрылғысы	Осы iPhone құрылғысында ойнату	Төмендегі AirPlay түймесімен осы iPhone құрылғысын таңдаңыз.	Профиль	Баптаулар	Тақырып түсі	Музыкаңыз	API тіркелгі деректері	Деректер және сақтау орны	Атыңыз бен аватарыңызды орнатыңыз	Арнайы провайдер	PPPlayer әдепкісі	Pro мүмкіндіктері белсенді	Бета	Жүктелуде…	Белгісіз
ko	재생 기기	이 기기	사용 가능한 기기	기기 검색 중…	새로고침	연결 중…	{name}에 연결 중…	연결됨	이 출력에서는 이 소스를 재생할 수 없습니다.	AirPlay 및 오디오 출력	AirPlay를 사용하려면 이 기기에서 재생하세요.	출력을 선택하려면 사운드 설정을 여세요.	사운드 설정을 열 수 없습니다.	시스템 출력	{name}에서 재생 중	AirPlay 버튼을 눌러 스피커나 TV를 선택하세요.	AirPlay 기기	이 iPhone에서 재생	아래 AirPlay 버튼으로 이 iPhone을 선택하세요.	프로필	환경설정	테마 색상	내 음악	API 인증 정보	데이터 및 저장 공간	이름과 아바타 설정	사용자 지정 제공자	PPPlayer 기본값	Pro 기능 활성화	베타	불러오는 중…	알 수 없음
lv	Atskaņot ierīcē	Šī ierīce	Pieejamās ierīces	Meklē ierīces…	Atsvaidzināt	Savieno…	Savieno ar {name}…	Savienots	Šo avotu nevar atskaņot šajā izvadē.	AirPlay un audio izvade	Lai izmantotu AirPlay, atskaņojiet šajā ierīcē.	Atveriet skaņas iestatījumus, lai izvēlētos izvadi.	Neizdevās atvērt skaņas iestatījumus.	Sistēmas izvade	Atskaņo ierīcē {name}	Pieskarieties AirPlay pogai, lai izvēlētos skaļruni vai televizoru.	AirPlay ierīce	Atskaņot šajā iPhone	Izvēlieties šo iPhone ar tālāk esošo AirPlay pogu.	Profils	Preferences	Motīva krāsa	Jūsu mūzika	API piekļuves dati	Dati un krātuve	Iestatiet vārdu un avatāru	Pielāgots pakalpojuma sniedzējs	PPPlayer noklusējums	Pro iespējas aktīvas	Beta	Ielādē…	Nezināms
ms	Mainkan pada	Peranti ini	Peranti tersedia	Mencari peranti…	Muat semula	Menyambung…	Menyambung kepada {name}…	Disambungkan	Sumber ini tidak boleh dimainkan pada output ini.	AirPlay dan output audio	Mainkan pada peranti ini untuk menggunakan AirPlay.	Buka tetapan Bunyi untuk memilih output.	Tidak dapat membuka tetapan Bunyi.	Output sistem	Sedang dimainkan pada {name}	Ketik butang AirPlay untuk memilih pembesar suara atau TV.	Peranti AirPlay	Mainkan pada iPhone ini	Pilih iPhone ini menggunakan butang AirPlay di bawah.	Profil	Keutamaan	Warna tema	Muzik anda	Bukti kelayakan API	Data dan storan	Tetapkan nama dan avatar anda	Penyedia tersuai	Lalai PPPlayer	Pengalaman Pro aktif	Beta	Memuatkan…	Tidak diketahui
my	ဤနေရာတွင် ဖွင့်ရန်	ဤစက်	အသုံးပြုနိုင်သော စက်များ	စက်များ ရှာဖွေနေသည်…	ပြန်လည်ဖွင့်ရန်	ချိတ်ဆက်နေသည်…	{name} သို့ ချိတ်ဆက်နေသည်…	ချိတ်ဆက်ပြီး	ဤရင်းမြစ်ကို ဤအထွက်တွင် ဖွင့်မရပါ။	AirPlay နှင့် အသံအထွက်	AirPlay သုံးရန် ဤစက်တွင် ဖွင့်ပါ။	အထွက်ရွေးရန် အသံဆက်တင်များကို ဖွင့်ပါ။	အသံဆက်တင်များကို ဖွင့်မရပါ။	စနစ်အသံအထွက်	{name} တွင် ဖွင့်နေသည်	စပီကာ သို့မဟုတ် တီဗီရွေးရန် AirPlay ခလုတ်ကို နှိပ်ပါ။	AirPlay စက်	ဤ iPhone တွင် ဖွင့်ရန်	အောက်ရှိ AirPlay ခလုတ်ဖြင့် ဤ iPhone ကို ရွေးပါ။	ပရိုဖိုင်	ဦးစားပေး ဆက်တင်များ	အပြင်အဆင်အရောင်	သင့်တေးဂီတ	API အထောက်အထားများ	ဒေတာနှင့် သိုလှောင်မှု	သင့်အမည်နှင့် ကိုယ်ပွားပုံ သတ်မှတ်ပါ	စိတ်ကြိုက် ပံ့ပိုးသူ	PPPlayer မူလသတ်မှတ်ချက်	Pro အတွေ့အကြုံ ဖွင့်ထားသည်	စမ်းသပ်ဗားရှင်း	တင်နေသည်…	မသိရ
nl	Afspelen op	Dit apparaat	Beschikbare apparaten	Apparaten zoeken…	Vernieuwen	Verbinden…	Verbinden met {name}…	Verbonden	Deze bron kan niet op deze uitvoer worden afgespeeld.	AirPlay en audio-uitvoer	Speel op dit apparaat af om AirPlay te gebruiken.	Open de geluidsinstellingen om een uitvoer te kiezen.	De geluidsinstellingen konden niet worden geopend.	Systeemuitvoer	Afspelen op {name}	Tik op de AirPlay-knop om een luidspreker of tv te kiezen.	AirPlay-apparaat	Afspelen op deze iPhone	Kies deze iPhone met de AirPlay-knop hieronder.	Profiel	Voorkeuren	Themakleur	Jouw muziek	API-inloggegevens	Gegevens en opslag	Stel je naam en avatar in	Aangepaste provider	PPPlayer-standaard	Pro-ervaring actief	Bèta	Laden…	Onbekend
pcm	Play for	Dis device	Devices wey dey available	Dey find devices…	Refresh am	Dey connect…	Dey connect to {name}…	Don connect	Dis source no fit play for dis output.	AirPlay and sound output	Play for dis device to use AirPlay.	Open sound settings to choose output.	No fit open sound settings.	System sound output	Dey play for {name}	Tap AirPlay button to choose speaker or TV.	AirPlay device	Play for dis iPhone	Choose dis iPhone with di AirPlay button below.	Your profile	Settings wey you prefer	Theme colour	Your music	API login details	Data and storage	Set your name and avatar	Provider wey you choose	PPPlayer normal provider	Pro experience don dey active	Beta version	Dey load…	We no know
pl	Odtwarzaj na	To urządzenie	Dostępne urządzenia	Wyszukiwanie urządzeń…	Odśwież	Łączenie…	Łączenie z {name}…	Połączono	Tego źródła nie można odtworzyć na tym wyjściu.	AirPlay i wyjście audio	Odtwarzaj na tym urządzeniu, aby użyć AirPlay.	Otwórz ustawienia dźwięku, aby wybrać wyjście.	Nie udało się otworzyć ustawień dźwięku.	Wyjście systemowe	Odtwarzanie na {name}	Dotknij przycisku AirPlay, aby wybrać głośnik lub telewizor.	Urządzenie AirPlay	Odtwarzaj na tym iPhonie	Wybierz tego iPhone’a przyciskiem AirPlay poniżej.	Profil	Preferencje	Kolor motywu	Twoja muzyka	Dane dostępowe API	Dane i pamięć	Ustaw nazwę i awatar	Własny dostawca	Domyślny PPPlayer	Tryb Pro aktywny	Beta	Wczytywanie…	Nieznane
pt	Reproduzir em	Este dispositivo	Dispositivos disponíveis	Buscando dispositivos…	Atualizar	Conectando…	Conectando a {name}…	Conectado	Esta fonte não pode ser reproduzida nesta saída.	AirPlay e saída de áudio	Reproduza neste dispositivo para usar o AirPlay.	Abra os ajustes de som para escolher uma saída.	Não foi possível abrir os ajustes de som.	Saída do sistema	Reproduzindo em {name}	Toque no botão do AirPlay para escolher uma caixa de som ou TV.	Dispositivo AirPlay	Reproduzir neste iPhone	Escolha este iPhone usando o botão do AirPlay abaixo.	Perfil	Preferências	Cor do tema	Sua música	Credenciais de API	Dados e armazenamento	Defina seu nome e avatar	Provedor personalizado	Padrão do PPPlayer	Experiência Pro ativa	Beta	Carregando…	Desconhecido
ro	Redă pe	Acest dispozitiv	Dispozitive disponibile	Se caută dispozitive…	Reîmprospătează	Se conectează…	Se conectează la {name}…	Conectat	Această sursă nu poate fi redată pe această ieșire.	AirPlay și ieșire audio	Redă pe acest dispozitiv pentru a utiliza AirPlay.	Deschide setările de sunet pentru a alege o ieșire.	Nu s-au putut deschide setările de sunet.	Ieșirea sistemului	Se redă pe {name}	Atinge butonul AirPlay pentru a alege un difuzor sau un televizor.	Dispozitiv AirPlay	Redă pe acest iPhone	Alege acest iPhone folosind butonul AirPlay de mai jos.	Profil	Preferințe	Culoarea temei	Muzica ta	Date de acces API	Date și stocare	Setează-ți numele și avatarul	Furnizor personalizat	Implicit PPPlayer	Experiență Pro activă	Beta	Se încarcă…	Necunoscut
ru	Воспроизводить на	Это устройство	Доступные устройства	Поиск устройств…	Обновить	Подключение…	Подключение к {name}…	Подключено	Этот источник нельзя воспроизвести на этом устройстве.	AirPlay и вывод звука	Включите воспроизведение на этом устройстве для использования AirPlay.	Откройте настройки звука, чтобы выбрать устройство вывода.	Не удалось открыть настройки звука.	Системный вывод	Воспроизведение на {name}	Нажмите кнопку AirPlay, чтобы выбрать колонку или телевизор.	Устройство AirPlay	Воспроизводить на этом iPhone	Выберите этот iPhone с помощью кнопки AirPlay ниже.	Профиль	Настройки	Цвет темы	Ваша музыка	Учётные данные API	Данные и хранилище	Задайте имя и аватар	Свой поставщик	По умолчанию PPPlayer	Режим Pro активен	Бета	Загрузка…	Неизвестно
sv	Spela på	Den här enheten	Tillgängliga enheter	Söker efter enheter…	Uppdatera	Ansluter…	Ansluter till {name}…	Ansluten	Den här källan kan inte spelas på den här utgången.	AirPlay och ljudutgång	Spela på den här enheten för att använda AirPlay.	Öppna ljudinställningarna för att välja en utgång.	Kunde inte öppna ljudinställningarna.	Systemutgång	Spelar på {name}	Tryck på AirPlay-knappen för att välja en högtalare eller tv.	AirPlay-enhet	Spela på den här iPhone-enheten	Välj denna iPhone med AirPlay-knappen nedan.	Profil	Inställningar	Temafärg	Din musik	API-uppgifter	Data och lagring	Ange ditt namn och din avatar	Anpassad leverantör	PPPlayer-standard	Pro-upplevelse aktiv	Beta	Läser in…	Okänd
th	เล่นบน	อุปกรณ์นี้	อุปกรณ์ที่ใช้ได้	กำลังค้นหาอุปกรณ์…	รีเฟรช	กำลังเชื่อมต่อ…	กำลังเชื่อมต่อกับ {name}…	เชื่อมต่อแล้ว	ไม่สามารถเล่นแหล่งข้อมูลนี้บนเอาต์พุตนี้ได้	AirPlay และเอาต์พุตเสียง	เล่นบนอุปกรณ์นี้เพื่อใช้ AirPlay	เปิดการตั้งค่าเสียงเพื่อเลือกเอาต์พุต	ไม่สามารถเปิดการตั้งค่าเสียงได้	เอาต์พุตของระบบ	กำลังเล่นบน {name}	แตะปุ่ม AirPlay เพื่อเลือกลำโพงหรือทีวี	อุปกรณ์ AirPlay	เล่นบน iPhone เครื่องนี้	เลือก iPhone เครื่องนี้ด้วยปุ่ม AirPlay ด้านล่าง	โปรไฟล์	การตั้งค่า	สีธีม	เพลงของคุณ	ข้อมูลรับรอง API	ข้อมูลและพื้นที่จัดเก็บ	ตั้งชื่อและรูปประจำตัวของคุณ	ผู้ให้บริการที่กำหนดเอง	ค่าเริ่มต้นของ PPPlayer	เปิดใช้งานประสบการณ์ Pro	เบต้า	กำลังโหลด…	ไม่ทราบ
tr	Şurada çal	Bu cihaz	Kullanılabilir cihazlar	Cihazlar aranıyor…	Yenile	Bağlanıyor…	{name} cihazına bağlanıyor…	Bağlandı	Bu kaynak bu çıkışta oynatılamaz.	AirPlay ve ses çıkışı	AirPlay kullanmak için bu cihazda oynatın.	Bir çıkış seçmek için Ses ayarlarını açın.	Ses ayarları açılamadı.	Sistem çıkışı	{name} cihazında çalıyor	Hoparlör veya TV seçmek için AirPlay düğmesine dokunun.	AirPlay cihazı	Bu iPhone’da çal	Aşağıdaki AirPlay düğmesini kullanarak bu iPhone’u seçin.	Profil	Tercihler	Tema rengi	Müziğiniz	API kimlik bilgileri	Veri ve depolama	Adınızı ve avatarınızı ayarlayın	Özel sağlayıcı	PPPlayer varsayılanı	Pro deneyimi etkin	Beta	Yükleniyor…	Bilinmiyor
uk	Відтворювати на	Цей пристрій	Доступні пристрої	Пошук пристроїв…	Оновити	Підключення…	Підключення до {name}…	Підключено	Це джерело не можна відтворити на цьому виході.	AirPlay та аудіовихід	Відтворюйте на цьому пристрої, щоб використовувати AirPlay.	Відкрийте налаштування звуку, щоб вибрати вихід.	Не вдалося відкрити налаштування звуку.	Системний вихід	Відтворення на {name}	Натисніть кнопку AirPlay, щоб вибрати колонку або телевізор.	Пристрій AirPlay	Відтворювати на цьому iPhone	Виберіть цей iPhone за допомогою кнопки AirPlay нижче.	Профіль	Налаштування	Колір теми	Ваша музика	Облікові дані API	Дані та сховище	Укажіть ім’я та аватар	Власний постачальник	Типовий PPPlayer	Режим Pro активний	Бета	Завантаження…	Невідомо
ur	اس پر چلائیں	یہ آلہ	دستیاب آلات	آلات تلاش کیے جا رہے ہیں…	تازہ کریں	منسلک ہو رہا ہے…	{name} سے منسلک ہو رہا ہے…	منسلک	یہ ماخذ اس آؤٹ پٹ پر نہیں چلایا جا سکتا۔	AirPlay اور آڈیو آؤٹ پٹ	AirPlay استعمال کرنے کے لیے اس آلے پر چلائیں۔	آؤٹ پٹ منتخب کرنے کے لیے آواز کی ترتیبات کھولیں۔	آواز کی ترتیبات نہیں کھل سکیں۔	سسٹم آؤٹ پٹ	{name} پر چل رہا ہے	اسپیکر یا ٹی وی منتخب کرنے کے لیے AirPlay بٹن دبائیں۔	AirPlay آلہ	اس iPhone پر چلائیں	نیچے دیے گئے AirPlay بٹن سے یہ iPhone منتخب کریں۔	پروفائل	ترجیحات	تھیم کا رنگ	آپ کی موسیقی	API اسناد	ڈیٹا اور ذخیرہ	اپنا نام اور اوتار مقرر کریں	حسبِ ضرورت فراہم کنندہ	PPPlayer کا طے شدہ	Pro تجربہ فعال	بیٹا	لوڈ ہو رہا ہے…	نامعلوم
uz	Shu qurilmada ijro etish	Bu qurilma	Mavjud qurilmalar	Qurilmalar qidirilmoqda…	Yangilash	Ulanmoqda…	{name} qurilmasiga ulanmoqda…	Ulandi	Bu manbani ushbu chiqishda ijro etib bo‘lmaydi.	AirPlay va audio chiqish	AirPlay ishlatish uchun shu qurilmada ijro eting.	Chiqishni tanlash uchun Ovoz sozlamalarini oching.	Ovoz sozlamalarini ochib bo‘lmadi.	Tizim chiqishi	{name} qurilmasida ijro etilmoqda	Karnay yoki televizorni tanlash uchun AirPlay tugmasini bosing.	AirPlay qurilmasi	Shu iPhone’da ijro etish	Quyidagi AirPlay tugmasi bilan shu iPhone’ni tanlang.	Profil	Afzalliklar	Mavzu rangi	Musiqangiz	API hisob ma’lumotlari	Ma’lumotlar va xotira	Ismingiz va avataringizni sozlang	Maxsus provayder	PPPlayer standarti	Pro imkoniyatlari faol	Beta	Yuklanmoqda…	Noma’lum
vi	Phát trên	Thiết bị này	Thiết bị khả dụng	Đang tìm thiết bị…	Làm mới	Đang kết nối…	Đang kết nối với {name}…	Đã kết nối	Không thể phát nguồn này trên đầu ra này.	AirPlay và đầu ra âm thanh	Phát trên thiết bị này để sử dụng AirPlay.	Mở cài đặt Âm thanh để chọn đầu ra.	Không thể mở cài đặt Âm thanh.	Đầu ra hệ thống	Đang phát trên {name}	Chạm vào nút AirPlay để chọn loa hoặc TV.	Thiết bị AirPlay	Phát trên iPhone này	Chọn iPhone này bằng nút AirPlay bên dưới.	Hồ sơ	Tùy chọn	Màu chủ đề	Nhạc của bạn	Thông tin xác thực API	Dữ liệu và bộ nhớ	Đặt tên và ảnh đại diện của bạn	Nhà cung cấp tùy chỉnh	Mặc định của PPPlayer	Trải nghiệm Pro đang bật	Beta	Đang tải…	Không xác định
zh	播放设备	此设备	可用设备	正在搜索设备…	刷新	正在连接…	正在连接 {name}…	已连接	无法在此输出设备上播放此来源。	AirPlay 和音频输出	请在此设备上播放以使用 AirPlay。	打开声音设置以选择输出设备。	无法打开声音设置。	系统输出	正在 {name} 上播放	轻点 AirPlay 按钮以选择扬声器或电视。	AirPlay 设备	在此 iPhone 上播放	使用下方的 AirPlay 按钮选择此 iPhone。	个人资料	偏好设置	主题颜色	你的音乐	API 凭据	数据和存储	设置姓名和头像	自定义提供商	PPPlayer 默认	Pro 功能已启用	测试版	正在加载…	未知
