locale	networkStreams	networkStream	openNetworkStream	editPlaylist	editStreamItem	streamUrl	platformType	optionalTitle	optionalImageUrl	myStream	saveToLibrary	justPlay	autoDetect	apiKeyRequired	customApiKey	clientId	clientSecret	saveCredentials	searchStrategy	credentialsLocalOnly	scrapingHelp	streamHelp	deletePlaylistConfirm	clearCacheConfirm	clearHistoryConfirm	addedToQueue	addedVideo	addedChannels	removedFromPlaylist	exportCancelled	exportComplete	playlistExported
ar	تدفقات الشبكة	تدفق الشبكة	فتح تدفق شبكة	تعديل قائمة التشغيل	تعديل عنصر التدفق	رابط التدفق	المنصة / النوع	العنوان (اختياري)	رابط الصورة (اختياري)	تدفقي	حفظ في المكتبة	تشغيل فقط	اكتشاف تلقائي	مفتاح API مطلوب	استخدام مفتاح API مخصص	معرّف العميل	سر العميل	حفظ بيانات الاعتماد	استراتيجية البحث	محفوظة بأمان على هذا الجهاز. لا تُرسل أبدًا إلى PPPlayer.	لا يتطلب مفتاح API أو حصة. قد يكون أبطأ أو أقل موثوقية.	أدخل رابط HTTP(S) أو رابط قائمة تشغيل M3U.	حذف قائمة التشغيل هذه نهائيًا؟	حذف البيانات المؤقتة؟ ستبقى مكتبتك ومفضلاتك دون تغيير.	حذف سجل استماعك نهائيًا؟	أُضيف إلى قائمة الانتظار	أُضيف الفيديو	القنوات المضافة: {count}	أُزيل من قائمة التشغيل	أُلغي التصدير	صُدّرت قائمة التشغيل. العناصر المتجاوزة: {count}	صُدّرت قائمة التشغيل
bn	নেটওয়ার্ক স্ট্রিম	নেটওয়ার্ক স্ট্রিম	নেটওয়ার্ক স্ট্রিম খুলুন	প্লেলিস্ট সম্পাদনা করুন	স্ট্রিম আইটেম সম্পাদনা করুন	স্ট্রিম URL	প্ল্যাটফর্ম / ধরন	শিরোনাম (ঐচ্ছিক)	ছবির URL (ঐচ্ছিক)	আমার স্ট্রিম	লাইব্রেরিতে সংরক্ষণ করুন	শুধু চালান	স্বয়ংক্রিয় শনাক্তকরণ	API কী প্রয়োজন	নিজস্ব API কী ব্যবহার করুন	ক্লায়েন্ট ID	ক্লায়েন্ট গোপন কী	পরিচয়পত্র সংরক্ষণ করুন	অনুসন্ধান কৌশল	এই ডিভাইসে নিরাপদে রাখা হয়। PPPlayer-এ কখনো পাঠানো হয় না।	API কী বা কোটা লাগে না। ধীর বা কম নির্ভরযোগ্য হতে পারে।	HTTP(S) URL বা M3U প্লেলিস্ট লিঙ্ক দিন।	এই প্লেলিস্ট স্থায়ীভাবে মুছবেন?	ক্যাশ ডেটা মুছবেন? লাইব্রেরি ও প্রিয় তালিকা অপরিবর্তিত থাকবে।	শোনার ইতিহাস স্থায়ীভাবে মুছবেন?	সারিতে যোগ করা হয়েছে	ভিডিও যোগ করা হয়েছে	যোগ করা চ্যানেল: {count}	প্লেলিস্ট থেকে সরানো হয়েছে	রপ্তানি বাতিল	প্লেলিস্ট রপ্তানি হয়েছে। বাদ দেওয়া আইটেম: {count}	প্লেলিস্ট রপ্তানি হয়েছে
cs	Síťové streamy	Síťový stream	Otevřít síťový stream	Upravit playlist	Upravit položku streamu	URL streamu	Platforma / typ	Název (volitelný)	URL obrázku (volitelné)	Můj stream	Uložit do knihovny	Pouze přehrát	Automaticky rozpoznat	Je vyžadován klíč API	Použít vlastní klíč API	ID klienta	Tajný klíč klienta	Uložit přihlašovací údaje	Strategie vyhledávání	Bezpečně uložené v tomto zařízení. Nikdy se neposílají do PPPlayer.	Není potřeba klíč API ani kvóta. Může být pomalejší nebo méně spolehlivé.	Zadejte URL HTTP(S) nebo odkaz na playlist M3U.	Trvale smazat tento playlist?	Smazat data v mezipaměti? Knihovna a oblíbené zůstanou beze změny.	Trvale smazat historii poslechu?	Přidáno do fronty	Video přidáno	Přidané kanály: {count}	Odebráno z playlistu	Export zrušen	Playlist exportován. Přeskočené položky: {count}	Playlist exportován
da	Netværksstreams	Netværksstream	Åbn netværksstream	Rediger afspilningsliste	Rediger streamelement	Stream-URL	Platform / type	Titel (valgfri)	Billed-URL (valgfri)	Min stream	Gem i bibliotek	Afspil kun	Registrer automatisk	API-nøgle kræves	Brug egen API-nøgle	Klient-id	Klienthemmelighed	Gem legitimationsoplysninger	Søgestrategi	Opbevares sikkert på denne enhed. Sendes aldrig til PPPlayer.	Kræver ingen API-nøgle eller kvote. Kan være langsommere eller mindre pålidelig.	Indtast en HTTP(S)-URL eller et link til en M3U-afspilningsliste.	Slet denne afspilningsliste permanent?	Slet cachedata? Dit bibliotek og dine favoritter ændres ikke.	Slet din lyttehistorik permanent?	Føjet til kø	Video tilføjet	Tilføjede kanaler: {count}	Fjernet fra afspilningsliste	Eksport annulleret	Afspilningsliste eksporteret. Sprungne elementer: {count}	Afspilningsliste eksporteret
de	Netzwerkstreams	Netzwerkstream	Netzwerkstream öffnen	Playlist bearbeiten	Streameintrag bearbeiten	Stream-URL	Plattform / Typ	Titel (optional)	Bild-URL (optional)	Mein Stream	In Bibliothek speichern	Nur wiedergeben	Automatisch erkennen	API-Schlüssel erforderlich	Eigenen API-Schlüssel verwenden	Client-ID	Client-Geheimnis	Zugangsdaten speichern	Suchstrategie	Sicher auf diesem Gerät gespeichert. Wird nie an PPPlayer gesendet.	Kein API-Schlüssel oder Kontingent nötig. Kann langsamer oder weniger zuverlässig sein.	Gib eine HTTP(S)-URL oder einen M3U-Playlist-Link ein.	Diese Playlist endgültig löschen?	Zwischengespeicherte Daten löschen? Bibliothek und Favoriten bleiben unverändert.	Deinen Hörverlauf endgültig löschen?	Zur Warteschlange hinzugefügt	Video hinzugefügt	Hinzugefügte Kanäle: {count}	Aus der Playlist entfernt	Export abgebrochen	Playlist exportiert. Übersprungene Einträge: {count}	Playlist exportiert
en	Network streams	Network stream	Open network stream	Edit playlist	Edit stream item	Stream URL	Platform / type	Title (optional)	Image URL (optional)	My stream	Save to library	Just play	Auto-detect	API key required	Use custom API key	Client ID	Client secret	Save credentials	Search strategy	Stored securely on this device. Never sent to PPPlayer.	No API key or quota required. May be slower or less reliable.	Enter an HTTP(S) URL or M3U playlist link.	Delete this playlist permanently?	Delete cached data? Your library and favorites stay unchanged.	Delete your listening history permanently?	Added to queue	Video added	Channels added: {count}	Removed from playlist	Export cancelled	Playlist exported. Items skipped: {count}	Playlist exported
es	Transmisiones de red	Transmisión de red	Abrir transmisión de red	Editar playlist	Editar elemento de transmisión	URL de transmisión	Plataforma / tipo	Título (opcional)	URL de imagen (opcional)	Mi transmisión	Guardar en biblioteca	Solo reproducir	Detectar automáticamente	Se requiere clave de API	Usar clave de API propia	ID del cliente	Secreto del cliente	Guardar credenciales	Estrategia de búsqueda	Guardadas de forma segura en este dispositivo. Nunca se envían a PPPlayer.	No requiere clave de API ni cuota. Puede ser más lento o menos fiable.	Introduce una URL HTTP(S) o un enlace de playlist M3U.	¿Eliminar esta playlist permanentemente?	¿Eliminar datos en caché? Tu biblioteca y favoritos no cambiarán.	¿Eliminar tu historial de escucha permanentemente?	Añadido a la cola	Vídeo añadido	Canales añadidos: {count}	Eliminado de la playlist	Exportación cancelada	Playlist exportada. Elementos omitidos: {count}	Playlist exportada
et	Võrguvood	Võrguvoog	Ava võrguvoog	Muuda esitusloendit	Muuda voo üksust	Voo URL	Platvorm / tüüp	Pealkiri (valikuline)	Pildi URL (valikuline)	Minu voog	Salvesta kogusse	Lihtsalt esita	Tuvasta automaatselt	Vajalik on API võti	Kasuta oma API võtit	Kliendi ID	Kliendi salavõti	Salvesta pääsuandmed	Otsingustrateegia	Turvaliselt salvestatud selles seadmes. Ei saadeta kunagi PPPlayerile.	API võtit ega kvooti pole vaja. Võib olla aeglasem või vähem töökindel.	Sisesta HTTP(S) URL või M3U-esitusloendi link.	Kustuta see esitusloend jäädavalt?	Kustuta vahemälu? Kogu ja lemmikud jäävad muutmata.	Kustuta kuulamisajalugu jäädavalt?	Lisatud järjekorda	Video lisatud	Lisatud kanalid: {count}	Eemaldatud esitusloendist	Eksport tühistatud	Esitusloend eksporditud. Vahele jäetud üksused: {count}	Esitusloend eksporditud
fa	جریان‌های شبکه	جریان شبکه	بازکردن جریان شبکه	ویرایش فهرست پخش	ویرایش مورد جریان	URL جریان	پلتفرم / نوع	عنوان (اختیاری)	URL تصویر (اختیاری)	جریان من	ذخیره در کتابخانه	فقط پخش	تشخیص خودکار	کلید API لازم است	استفاده از کلید API سفارشی	شناسهٔ مشتری	کلید محرمانهٔ مشتری	ذخیرهٔ اطلاعات ورود	روش جستجو	با امنیت در این دستگاه ذخیره می‌شود. هرگز به PPPlayer ارسال نمی‌شود.	کلید API یا سهمیه لازم نیست. ممکن است کندتر یا کم‌اعتمادتر باشد.	URL از نوع HTTP(S) یا پیوند فهرست پخش M3U را وارد کنید.	این فهرست پخش برای همیشه حذف شود؟	داده‌های حافظهٔ نهان حذف شود؟ کتابخانه و علاقه‌مندی‌ها تغییر نمی‌کنند.	سابقهٔ شنیدن برای همیشه حذف شود؟	به صف اضافه شد	ویدیو اضافه شد	کانال‌های اضافه‌شده: {count}	از فهرست پخش حذف شد	برون‌بری لغو شد	فهرست پخش صادر شد. موارد ردشده: {count}	فهرست پخش صادر شد
fil	Mga network stream	Network stream	Magbukas ng network stream	I-edit ang playlist	I-edit ang stream item	URL ng stream	Platform / uri	Pamagat (opsyonal)	URL ng larawan (opsyonal)	Aking stream	I-save sa library	I-play lang	Awtomatikong tuklasin	Kailangan ng API key	Gumamit ng sariling API key	Client ID	Client secret	I-save ang mga kredensyal	Paraan ng paghahanap	Ligtas na naka-store sa device na ito. Hindi ipinapadala sa PPPlayer.	Hindi kailangan ng API key o quota. Maaaring mas mabagal o hindi gaanong maaasahan.	Maglagay ng HTTP(S) URL o M3U playlist link.	Permanenteng tanggalin ang playlist na ito?	Tanggalin ang cache? Hindi magbabago ang library at mga paborito.	Permanenteng tanggalin ang kasaysayan ng pakikinig?	Naidagdag sa pila	Naidagdag ang video	Mga channel na naidagdag: {count}	Inalis sa playlist	Kinansela ang pag-export	Na-export ang playlist. Mga item na nilaktawan: {count}	Na-export ang playlist
fr	Flux réseau	Flux réseau	Ouvrir un flux réseau	Modifier la playlist	Modifier l’élément du flux	URL du flux	Plateforme / type	Titre (facultatif)	URL de l’image (facultative)	Mon flux	Enregistrer dans la bibliothèque	Lire uniquement	Détection automatique	Clé API requise	Utiliser une clé API personnalisée	Identifiant client	Secret client	Enregistrer les identifiants	Stratégie de recherche	Stockés en sécurité sur cet appareil. Jamais envoyés à PPPlayer.	Aucune clé API ni quota requis. Peut être plus lent ou moins fiable.	Saisissez une URL HTTP(S) ou un lien de playlist M3U.	Supprimer définitivement cette playlist ?	Supprimer les données en cache ? Votre bibliothèque et vos favoris restent inchangés.	Supprimer définitivement votre historique d’écoute ?	Ajouté à la file	Vidéo ajoutée	Chaînes ajoutées : {count}	Retiré de la playlist	Export annulé	Playlist exportée. Éléments ignorés : {count}	Playlist exportée
gn	Ñanduti ñembohasapy	Ñanduti ñembohasapy	Eipe’a ñanduti ñembohasapy	Emoambue purahéi tysýi	Emoambue ñembohasapy mba’e	Ñembohasapy URL	Ñemohenda / mba’eichagua	Téra (natekotevẽi)	Ta’ãnga URL (natekotevẽi)	Che ñembohasapy	Eñongatu arandukaty rendápe	Emboja añónte	Jehechakuaa ijehegui	Oñeikotevẽ API ñemigua	Eipuru nde API ñemigua	Puruhára ID	Puruhára ñemigua	Eñongatu jeike rehegua	Jeheka rape	Oñongatu porã ko tembiporúpe. Araka’eve noñemondói PPPlayer-pe.	Natekotevẽi API ñemigua térã cuota. Ikatu imbeguéve térã ndoiko porãi.	Emoinge HTTP(S) URL térã M3U tysýi joajuha.	Emboguete ko purahéi tysýi?	Embogue marandu sapy’agua? Arandukaty ha umi nde rehayhúva noñemoambuéi.	Emboguete ne rembiendu rembiasakue?	Oñemoĩ tysýipe	Oñemoĩ ta’ãngamýi	Canal oñemoĩva: {count}	Ojepe’a purahéi tysýigui	Ñeguenohẽ oñemboyke	Tysýi oñeguenohẽ. Mba’e ojehasáva: {count}	Tysýi oñeguenohẽ
hi	नेटवर्क स्ट्रीम	नेटवर्क स्ट्रीम	नेटवर्क स्ट्रीम खोलें	प्लेलिस्ट संपादित करें	स्ट्रीम आइटम संपादित करें	स्ट्रीम URL	प्लेटफ़ॉर्म / प्रकार	शीर्षक (वैकल्पिक)	चित्र का URL (वैकल्पिक)	मेरी स्ट्रीम	लाइब्रेरी में सहेजें	सिर्फ चलाएँ	अपने आप पहचानें	API कुंजी आवश्यक	अपनी API कुंजी इस्तेमाल करें	क्लाइंट ID	क्लाइंट सीक्रेट	क्रेडेंशियल सहेजें	खोज रणनीति	इस डिवाइस पर सुरक्षित रूप से रखे जाते हैं। PPPlayer को कभी नहीं भेजे जाते।	API कुंजी या कोटा ज़रूरी नहीं। धीमा या कम भरोसेमंद हो सकता है।	HTTP(S) URL या M3U प्लेलिस्ट का लिंक डालें।	यह प्लेलिस्ट हमेशा के लिए हटाएँ?	कैश डेटा हटाएँ? आपकी लाइब्रेरी और पसंदीदा नहीं बदलेंगे।	सुनने का इतिहास हमेशा के लिए हटाएँ?	कतार में जोड़ा गया	वीडियो जोड़ा गया	जोड़े गए चैनल: {count}	प्लेलिस्ट से हटाया गया	निर्यात रद्द	प्लेलिस्ट निर्यात हुई। छोड़े गए आइटम: {count}	प्लेलिस्ट निर्यात हुई
hr	Mrežni tokovi	Mrežni tok	Otvori mrežni tok	Uredi popis za reprodukciju	Uredi stavku toka	URL toka	Platforma / vrsta	Naslov (neobavezno)	URL slike (neobavezno)	Moj tok	Spremi u biblioteku	Samo reproduciraj	Automatsko prepoznavanje	Potreban je API ključ	Koristi vlastiti API ključ	ID klijenta	Tajna klijenta	Spremi pristupne podatke	Strategija pretraživanja	Sigurno pohranjeni na ovom uređaju. Nikad se ne šalju PPPlayeru.	API ključ ni kvota nisu potrebni. Može biti sporije ili manje pouzdano.	Unesite HTTP(S) URL ili poveznicu na M3U popis.	Trajno izbrisati ovaj popis za reprodukciju?	Izbrisati predmemoriju? Biblioteka i omiljeni ostaju nepromijenjeni.	Trajno izbrisati povijest slušanja?	Dodano u red	Video dodan	Dodani kanali: {count}	Uklonjeno s popisa	Izvoz otkazan	Popis izvezen. Preskočene stavke: {count}	Popis izvezen
hu	Hálózati adatfolyamok	Hálózati adatfolyam	Hálózati adatfolyam megnyitása	Lejátszási lista szerkesztése	Adatfolyamelem szerkesztése	Adatfolyam URL-je	Platform / típus	Cím (nem kötelező)	Kép URL-je (nem kötelező)	Saját adatfolyam	Mentés a könyvtárba	Csak lejátszás	Automatikus felismerés	API-kulcs szükséges	Saját API-kulcs használata	Kliensazonosító	Kliens titkos kulcsa	Hozzáférési adatok mentése	Keresési stratégia	Biztonságosan tárolva ezen az eszközön. Soha nem kerül a PPPlayerhez.	Nem kell API-kulcs vagy kvóta. Lassabb vagy kevésbé megbízható lehet.	Adj meg egy HTTP(S) URL-t vagy M3U-listahivatkozást.	Végleg törlöd ezt a lejátszási listát?	Törlöd a gyorsítótárat? A könyvtár és a kedvencek változatlanok maradnak.	Végleg törlöd a hallgatási előzményeket?	Hozzáadva a sorhoz	Videó hozzáadva	Hozzáadott csatornák: {count}	Eltávolítva a listából	Exportálás megszakítva	Lista exportálva. Kihagyott elemek: {count}	Lista exportálva
id	Stream jaringan	Stream jaringan	Buka stream jaringan	Edit playlist	Edit item stream	URL stream	Platform / jenis	Judul (opsional)	URL gambar (opsional)	Stream saya	Simpan ke pustaka	Putar saja	Deteksi otomatis	Kunci API diperlukan	Gunakan kunci API sendiri	ID klien	Rahasia klien	Simpan kredensial	Strategi pencarian	Disimpan dengan aman di perangkat ini. Tidak pernah dikirim ke PPPlayer.	Tidak perlu kunci API atau kuota. Mungkin lebih lambat atau kurang andal.	Masukkan URL HTTP(S) atau tautan playlist M3U.	Hapus playlist ini secara permanen?	Hapus data cache? Pustaka dan favorit tetap tidak berubah.	Hapus riwayat mendengarkan secara permanen?	Ditambahkan ke antrean	Video ditambahkan	Saluran ditambahkan: {count}	Dihapus dari playlist	Ekspor dibatalkan	Playlist diekspor. Item dilewati: {count}	Playlist diekspor
it	Stream di rete	Stream di rete	Apri stream di rete	Modifica playlist	Modifica elemento dello stream	URL dello stream	Piattaforma / tipo	Titolo (facoltativo)	URL immagine (facoltativo)	Il mio stream	Salva nella libreria	Riproduci soltanto	Rileva automaticamente	Chiave API richiesta	Usa chiave API personalizzata	ID client	Segreto client	Salva credenziali	Strategia di ricerca	Conservate in modo sicuro su questo dispositivo. Mai inviate a PPPlayer.	Non richiede chiave API o quota. Può essere più lento o meno affidabile.	Inserisci un URL HTTP(S) o un link a una playlist M3U.	Eliminare definitivamente questa playlist?	Eliminare i dati in cache? Libreria e preferiti restano invariati.	Eliminare definitivamente la cronologia di ascolto?	Aggiunto alla coda	Video aggiunto	Canali aggiunti: {count}	Rimosso dalla playlist	Esportazione annullata	Playlist esportata. Elementi saltati: {count}	Playlist esportata
ja	ネットワークストリーム	ネットワークストリーム	ネットワークストリームを開く	プレイリストを編集	ストリーム項目を編集	ストリーム URL	プラットフォーム / 種類	タイトル（任意）	画像 URL（任意）	自分のストリーム	ライブラリに保存	再生のみ	自動検出	API キーが必要	独自の API キーを使用	クライアント ID	クライアントシークレット	認証情報を保存	検索方法	このデバイスに安全に保存されます。PPPlayer に送信されることはありません。	API キーや割り当ては不要です。遅くなったり信頼性が下がったりする場合があります。	HTTP(S) URL または M3U プレイリストのリンクを入力してください。	このプレイリストを完全に削除しますか？	キャッシュを削除しますか？ライブラリとお気に入りは変わりません。	再生履歴を完全に削除しますか？	キューに追加しました	動画を追加しました	追加したチャンネル数: {count}	プレイリストから削除しました	エクスポートをキャンセルしました	プレイリストをエクスポートしました。スキップした項目数: {count}	プレイリストをエクスポートしました
ka	ქსელური ნაკადები	ქსელური ნაკადი	ქსელური ნაკადის გახსნა	დასაკრავი სიის რედაქტირება	ნაკადის ელემენტის რედაქტირება	ნაკადის URL	პლატფორმა / ტიპი	სათაური (არასავალდებულო)	სურათის URL (არასავალდებულო)	ჩემი ნაკადი	ბიბლიოთეკაში შენახვა	მხოლოდ დაკვრა	ავტომატური ამოცნობა	საჭიროა API გასაღები	საკუთარი API გასაღების გამოყენება	კლიენტის ID	კლიენტის საიდუმლო	წვდომის მონაცემების შენახვა	ძიების მეთოდი	უსაფრთხოდ ინახება ამ მოწყობილობაზე. PPPlayer-ს არასდროს ეგზავნება.	API გასაღები ან კვოტა არ სჭირდება. შესაძლოა უფრო ნელი ან ნაკლებად საიმედო იყოს.	შეიყვანეთ HTTP(S) URL ან M3U სიის ბმული.	სამუდამოდ წაიშალოს ეს დასაკრავი სია?	წაიშალოს ქეშის მონაცემები? ბიბლიოთეკა და რჩეულები არ შეიცვლება.	სამუდამოდ წაიშალოს მოსმენის ისტორია?	დაემატა რიგს	ვიდეო დაემატა	დამატებული არხები: {count}	ამოიშალა სიიდან	ექსპორტი გაუქმდა	სია ექსპორტირებულია. გამოტოვებული ელემენტები: {count}	სია ექსპორტირებულია
kk	Желілік ағындар	Желілік ағын	Желілік ағынды ашу	Ойнату тізімін өңдеу	Ағын элементін өңдеу	Ағын URL-і	Платформа / түрі	Тақырып (міндетті емес)	Сурет URL-і (міндетті емес)	Менің ағыным	Кітапханаға сақтау	Тек ойнату	Автоматты анықтау	API кілті қажет	Өз API кілтін пайдалану	Клиент ID-і	Клиент құпиясы	Тіркелгі деректерін сақтау	Іздеу тәсілі	Осы құрылғыда қауіпсіз сақталады. PPPlayer-ге ешқашан жіберілмейді.	API кілті немесе квота қажет емес. Баяуырақ не сенімділігі төмен болуы мүмкін.	HTTP(S) URL-ін немесе M3U тізімінің сілтемесін енгізіңіз.	Бұл ойнату тізімін біржола жою керек пе?	Кэш деректерін жою керек пе? Кітапхана мен таңдаулылар өзгермейді.	Тыңдау тарихын біржола жою керек пе?	Кезекке қосылды	Бейне қосылды	Қосылған арналар: {count}	Ойнату тізімінен алынды	Экспорт тоқтатылды	Тізім экспортталды. Өткізілген элементтер: {count}	Тізім экспортталды
ko	네트워크 스트림	네트워크 스트림	네트워크 스트림 열기	재생목록 편집	스트림 항목 편집	스트림 URL	플랫폼 / 유형	제목 (선택 사항)	이미지 URL (선택 사항)	내 스트림	라이브러리에 저장	재생만 하기	자동 감지	API 키 필요	사용자 지정 API 키 사용	클라이언트 ID	클라이언트 시크릿	인증 정보 저장	검색 방식	이 기기에 안전하게 저장됩니다. PPPlayer에 전송되지 않습니다.	API 키나 할당량이 필요하지 않습니다. 더 느리거나 신뢰성이 낮을 수 있습니다.	HTTP(S) URL 또는 M3U 재생목록 링크를 입력하세요.	이 재생목록을 영구 삭제할까요?	캐시 데이터를 삭제할까요? 라이브러리와 즐겨찾기는 유지됩니다.	청취 기록을 영구 삭제할까요?	대기열에 추가됨	동영상 추가됨	추가한 채널: {count}	재생목록에서 삭제됨	내보내기 취소됨	재생목록을 내보냈습니다. 건너뛴 항목: {count}	재생목록을 내보냈습니다
lv	Tīkla straumes	Tīkla straume	Atvērt tīkla straumi	Rediģēt atskaņošanas sarakstu	Rediģēt straumes vienumu	Straumes URL	Platforma / veids	Nosaukums (neobligāts)	Attēla URL (neobligāts)	Mana straume	Saglabāt bibliotēkā	Tikai atskaņot	Automātiska noteikšana	Nepieciešama API atslēga	Izmantot savu API atslēgu	Klienta ID	Klienta noslēpums	Saglabāt piekļuves datus	Meklēšanas stratēģija	Droši glabājas šajā ierīcē. Nekad netiek sūtīti uz PPPlayer.	API atslēga un kvota nav vajadzīga. Var būt lēnāk vai mazāk uzticami.	Ievadiet HTTP(S) URL vai M3U atskaņošanas saraksta saiti.	Neatgriezeniski dzēst šo atskaņošanas sarakstu?	Dzēst kešatmiņu? Bibliotēka un izlase nemainīsies.	Neatgriezeniski dzēst klausīšanās vēsturi?	Pievienots rindai	Video pievienots	Pievienotie kanāli: {count}	Izņemts no saraksta	Eksports atcelts	Saraksts eksportēts. Izlaistie vienumi: {count}	Saraksts eksportēts
ms	Strim rangkaian	Strim rangkaian	Buka strim rangkaian	Edit senarai main	Edit item strim	URL strim	Platform / jenis	Tajuk (pilihan)	URL imej (pilihan)	Strim saya	Simpan ke pustaka	Mainkan sahaja	Kesan automatik	Kunci API diperlukan	Gunakan kunci API sendiri	ID klien	Rahsia klien	Simpan bukti kelayakan	Strategi carian	Disimpan dengan selamat pada peranti ini. Tidak pernah dihantar kepada PPPlayer.	Tidak memerlukan kunci API atau kuota. Mungkin lebih perlahan atau kurang boleh dipercayai.	Masukkan URL HTTP(S) atau pautan senarai main M3U.	Padam senarai main ini secara kekal?	Padam data cache? Pustaka dan kegemaran kekal tidak berubah.	Padam sejarah pendengaran secara kekal?	Ditambahkan ke baris gilir	Video ditambahkan	Saluran ditambahkan: {count}	Dialih keluar daripada senarai main	Eksport dibatalkan	Senarai main dieksport. Item dilangkau: {count}	Senarai main dieksport
my	ကွန်ရက်စီးကြောင်းများ	ကွန်ရက်စီးကြောင်း	ကွန်ရက်စီးကြောင်းဖွင့်ရန်	အစီအစဉ်ပြင်ရန်	စီးကြောင်းအရာ ပြင်ရန်	စီးကြောင်း URL	ပလက်ဖောင်း / အမျိုးအစား	ခေါင်းစဉ် (မဖြစ်မနေ မလို)	ပုံ URL (မဖြစ်မနေ မလို)	ကျွန်ုပ်၏စီးကြောင်း	စာကြည့်တိုက်တွင် သိမ်းရန်	ဖွင့်ရုံသာ	အလိုအလျောက် ရှာဖွေရန်	API သော့ လိုအပ်သည်	ကိုယ်ပိုင် API သော့သုံးရန်	ဖောက်သည် ID	ဖောက်သည် လျှို့ဝှက်သော့	အထောက်အထားများ သိမ်းရန်	ရှာဖွေနည်း	ဤစက်တွင် လုံခြုံစွာ သိမ်းထားသည်။ PPPlayer သို့ လုံးဝ မပို့ပါ။	API သော့ သို့မဟုတ် သတ်မှတ်ပမာဏ မလိုပါ။ ပိုနှေး သို့မဟုတ် ယုံကြည်ရမှုနည်းနိုင်သည်။	HTTP(S) URL သို့မဟုတ် M3U အစီအစဉ်လင့်ခ် ထည့်ပါ။	ဤအစီအစဉ်ကို အပြီးဖျက်မလား?	ယာယီဒေတာ ဖျက်မလား? စာကြည့်တိုက်နှင့် နှစ်သက်ရာများ မပြောင်းပါ။	နားထောင်မှုမှတ်တမ်း အပြီးဖျက်မလား?	အစီအစဉ်ထဲ ထည့်ပြီး	ဗီဒီယိုထည့်ပြီး	ထည့်ထားသောလိုင်းများ: {count}	အစီအစဉ်မှ ဖယ်ပြီး	ထုတ်ယူမှု ပယ်ဖျက်ပြီး	အစီအစဉ်ထုတ်ယူပြီး။ ကျော်ထားသည့်အရာများ: {count}	အစီအစဉ်ထုတ်ယူပြီး
nl	Netwerkstreams	Netwerkstream	Netwerkstream openen	Afspeellijst bewerken	Streamitem bewerken	Stream-URL	Platform / type	Titel (optioneel)	Afbeeldings-URL (optioneel)	Mijn stream	Opslaan in bibliotheek	Alleen afspelen	Automatisch detecteren	API-sleutel vereist	Eigen API-sleutel gebruiken	Client-ID	Clientgeheim	Inloggegevens opslaan	Zoekstrategie	Veilig opgeslagen op dit apparaat. Nooit naar PPPlayer verstuurd.	Geen API-sleutel of quotum nodig. Kan langzamer of minder betrouwbaar zijn.	Voer een HTTP(S)-URL of M3U-afspeellijstlink in.	Deze afspeellijst definitief verwijderen?	Cachegegevens verwijderen? Je bibliotheek en favorieten blijven ongewijzigd.	Je luistergeschiedenis definitief verwijderen?	Toegevoegd aan wachtrij	Video toegevoegd	Toegevoegde kanalen: {count}	Verwijderd uit afspeellijst	Export geannuleerd	Afspeellijst geëxporteerd. Overgeslagen items: {count}	Afspeellijst geëxporteerd
pcm	Network streams	Network stream	Open network stream	Edit di playlist	Edit stream item	Stream URL	Platform / type	Title (no be must)	Picture URL (no be must)	My stream	Save for library	Just play am	Detect am by itself	API key dey needed	Use your own API key	Client ID	Client secret	Save di login details	How to search	E dey safe for dis device. E no dey go PPPlayer at all.	API key or quota no dey needed. E fit slow small or no work steady.	Put HTTP(S) URL or M3U playlist link.	Delete dis playlist forever?	Delete cache data? Your library and favourites no go change.	Delete your listening history forever?	Don add am to queue	Don add di video	Channels wey we add: {count}	Don remove am from playlist	Don cancel export	Don export playlist. Items wey we skip: {count}	Don export playlist
pl	Strumienie sieciowe	Strumień sieciowy	Otwórz strumień sieciowy	Edytuj playlistę	Edytuj element strumienia	URL strumienia	Platforma / typ	Tytuł (opcjonalny)	URL obrazu (opcjonalny)	Mój strumień	Zapisz w bibliotece	Tylko odtwórz	Wykryj automatycznie	Wymagany klucz API	Użyj własnego klucza API	Identyfikator klienta	Sekret klienta	Zapisz dane dostępowe	Strategia wyszukiwania	Bezpiecznie zapisane na tym urządzeniu. Nigdy nie są wysyłane do PPPlayer.	Klucz API ani limit nie są wymagane. Może działać wolniej lub mniej niezawodnie.	Wprowadź URL HTTP(S) lub link do playlisty M3U.	Usunąć tę playlistę na stałe?	Usunąć dane z pamięci podręcznej? Biblioteka i ulubione pozostaną bez zmian.	Usunąć historię słuchania na stałe?	Dodano do kolejki	Dodano wideo	Dodane kanały: {count}	Usunięto z playlisty	Eksport anulowany	Playlista wyeksportowana. Pominięte elementy: {count}	Playlista wyeksportowana
pt	Transmissões de rede	Transmissão de rede	Abrir transmissão de rede	Editar playlist	Editar item da transmissão	URL da transmissão	Plataforma / tipo	Título (opcional)	URL da imagem (opcional)	Minha transmissão	Salvar na biblioteca	Apenas reproduzir	Detectar automaticamente	Chave de API necessária	Usar chave de API personalizada	ID do cliente	Segredo do cliente	Salvar credenciais	Estratégia de busca	Armazenadas com segurança neste dispositivo. Nunca enviadas ao PPPlayer.	Não requer chave de API nem cota. Pode ser mais lento ou menos confiável.	Insira uma URL HTTP(S) ou um link de playlist M3U.	Excluir esta playlist permanentemente?	Excluir dados em cache? Sua biblioteca e favoritos não serão alterados.	Excluir seu histórico de reprodução permanentemente?	Adicionado à fila	Vídeo adicionado	Canais adicionados: {count}	Removido da playlist	Exportação cancelada	Playlist exportada. Itens ignorados: {count}	Playlist exportada
ro	Fluxuri de rețea	Flux de rețea	Deschide flux de rețea	Editează playlistul	Editează elementul fluxului	URL-ul fluxului	Platformă / tip	Titlu (opțional)	URL imagine (opțional)	Fluxul meu	Salvează în bibliotecă	Doar redă	Detectare automată	Este necesară o cheie API	Folosește o cheie API proprie	ID client	Secret client	Salvează datele de acces	Strategie de căutare	Stocate în siguranță pe acest dispozitiv. Nu sunt trimise niciodată la PPPlayer.	Nu necesită cheie API sau cotă. Poate fi mai lent sau mai puțin fiabil.	Introdu un URL HTTP(S) sau un link către un playlist M3U.	Ștergi definitiv acest playlist?	Ștergi datele din cache? Biblioteca și favoritele rămân neschimbate.	Ștergi definitiv istoricul de ascultare?	Adăugat în coadă	Videoclip adăugat	Canale adăugate: {count}	Eliminat din playlist	Export anulat	Playlist exportat. Elemente omise: {count}	Playlist exportat
ru	Сетевые потоки	Сетевой поток	Открыть сетевой поток	Изменить плейлист	Изменить элемент потока	URL потока	Платформа / тип	Название (необязательно)	URL изображения (необязательно)	Мой поток	Сохранить в библиотеку	Только воспроизвести	Определять автоматически	Требуется ключ API	Использовать свой ключ API	Идентификатор клиента	Секрет клиента	Сохранить учётные данные	Способ поиска	Безопасно хранятся на этом устройстве. Никогда не отправляются в PPPlayer.	Ключ API и квота не нужны. Может работать медленнее или менее надёжно.	Введите URL HTTP(S) или ссылку на плейлист M3U.	Удалить этот плейлист навсегда?	Удалить кэш? Библиотека и избранное останутся без изменений.	Удалить историю прослушивания навсегда?	Добавлено в очередь	Видео добавлено	Добавлено каналов: {count}	Удалено из плейлиста	Экспорт отменён	Плейлист экспортирован. Пропущено элементов: {count}	Плейлист экспортирован
sv	Nätverksströmmar	Nätverksström	Öppna nätverksström	Redigera spellista	Redigera strömobjekt	Ström-URL	Plattform / typ	Titel (valfri)	Bild-URL (valfri)	Min ström	Spara i bibliotek	Spela endast	Identifiera automatiskt	API-nyckel krävs	Använd egen API-nyckel	Klient-id	Klienthemlighet	Spara inloggningsuppgifter	Sökstrategi	Lagras säkert på denna enhet. Skickas aldrig till PPPlayer.	Ingen API-nyckel eller kvot krävs. Kan vara långsammare eller mindre tillförlitligt.	Ange en HTTP(S)-URL eller en länk till en M3U-spellista.	Ta bort denna spellista permanent?	Ta bort cachedata? Bibliotek och favoriter förblir oförändrade.	Ta bort din lyssningshistorik permanent?	Tillagt i kön	Video tillagd	Tillagda kanaler: {count}	Borttaget från spellistan	Export avbruten	Spellista exporterad. Överhoppade objekt: {count}	Spellista exporterad
th	สตรีมเครือข่าย	สตรีมเครือข่าย	เปิดสตรีมเครือข่าย	แก้ไขเพลย์ลิสต์	แก้ไขรายการสตรีม	URL สตรีม	แพลตฟอร์ม / ประเภท	ชื่อ (ไม่บังคับ)	URL รูปภาพ (ไม่บังคับ)	สตรีมของฉัน	บันทึกลงคลัง	เล่นอย่างเดียว	ตรวจจับอัตโนมัติ	ต้องใช้คีย์ API	ใช้คีย์ API ของตนเอง	รหัสไคลเอนต์	ความลับไคลเอนต์	บันทึกข้อมูลรับรอง	กลยุทธ์การค้นหา	เก็บอย่างปลอดภัยในอุปกรณ์นี้ ไม่ส่งไปยัง PPPlayer	ไม่ต้องใช้คีย์ API หรือโควตา อาจช้าหรือเชื่อถือได้น้อยกว่า	ป้อน URL HTTP(S) หรือลิงก์เพลย์ลิสต์ M3U	ลบเพลย์ลิสต์นี้อย่างถาวรหรือไม่?	ลบข้อมูลแคชหรือไม่? คลังและรายการโปรดจะไม่เปลี่ยนแปลง	ลบประวัติการฟังอย่างถาวรหรือไม่?	เพิ่มลงคิวแล้ว	เพิ่มวิดีโอแล้ว	ช่องที่เพิ่ม: {count}	นำออกจากเพลย์ลิสต์แล้ว	ยกเลิกการส่งออกแล้ว	ส่งออกเพลย์ลิสต์แล้ว รายการที่ข้าม: {count}	ส่งออกเพลย์ลิสต์แล้ว
tr	Ağ akışları	Ağ akışı	Ağ akışı aç	Çalma listesini düzenle	Akış öğesini düzenle	Akış URL’si	Platform / tür	Başlık (isteğe bağlı)	Görsel URL’si (isteğe bağlı)	Akışım	Kitaplığa kaydet	Yalnızca oynat	Otomatik algıla	API anahtarı gerekli	Özel API anahtarı kullan	İstemci kimliği	İstemci sırrı	Kimlik bilgilerini kaydet	Arama stratejisi	Bu cihazda güvenle saklanır. Asla PPPlayer’a gönderilmez.	API anahtarı veya kota gerekmez. Daha yavaş veya daha az güvenilir olabilir.	HTTP(S) URL’si veya M3U çalma listesi bağlantısı girin.	Bu çalma listesi kalıcı olarak silinsin mi?	Önbellek silinsin mi? Kitaplık ve favoriler değişmez.	Dinleme geçmişiniz kalıcı olarak silinsin mi?	Kuyruğa eklendi	Video eklendi	Eklenen kanallar: {count}	Çalma listesinden kaldırıldı	Dışa aktarma iptal edildi	Liste dışa aktarıldı. Atlanan öğeler: {count}	Liste dışa aktarıldı
uk	Мережеві потоки	Мережевий потік	Відкрити мережевий потік	Редагувати список відтворення	Редагувати елемент потоку	URL потоку	Платформа / тип	Назва (необов’язково)	URL зображення (необов’язково)	Мій потік	Зберегти в бібліотеку	Лише відтворити	Визначати автоматично	Потрібен ключ API	Використовувати власний ключ API	Ідентифікатор клієнта	Секрет клієнта	Зберегти облікові дані	Спосіб пошуку	Безпечно зберігаються на цьому пристрої. Ніколи не надсилаються до PPPlayer.	Ключ API та квота не потрібні. Може працювати повільніше або менш надійно.	Введіть URL HTTP(S) або посилання на список M3U.	Видалити цей список відтворення назавжди?	Видалити кеш? Бібліотека та улюблене залишаться без змін.	Видалити історію прослуховування назавжди?	Додано до черги	Відео додано	Додані канали: {count}	Видалено зі списку	Експорт скасовано	Список експортовано. Пропущені елементи: {count}	Список експортовано
ur	نیٹ ورک اسٹریمز	نیٹ ورک اسٹریم	نیٹ ورک اسٹریم کھولیں	پلے لسٹ میں ترمیم کریں	اسٹریم آئٹم میں ترمیم کریں	اسٹریم URL	پلیٹ فارم / قسم	عنوان (اختیاری)	تصویر کا URL (اختیاری)	میری اسٹریم	لائبریری میں محفوظ کریں	صرف چلائیں	خودکار شناخت	API کلید درکار ہے	اپنی API کلید استعمال کریں	کلائنٹ ID	کلائنٹ راز	اسناد محفوظ کریں	تلاش کا طریقہ	اس آلے پر محفوظ انداز میں رکھی جاتی ہیں۔ کبھی PPPlayer کو نہیں بھیجی جاتیں۔	API کلید یا کوٹا درکار نہیں۔ سست یا کم قابلِ اعتماد ہو سکتا ہے۔	HTTP(S) URL یا M3U پلے لسٹ کا لنک درج کریں۔	یہ پلے لسٹ مستقل حذف کریں؟	کیش ڈیٹا حذف کریں؟ لائبریری اور پسندیدہ چیزیں برقرار رہیں گی۔	سننے کی تاریخ مستقل حذف کریں؟	قطار میں شامل کر دیا	ویڈیو شامل کر دی	شامل کیے گئے چینلز: {count}	پلے لسٹ سے ہٹا دیا	برآمد منسوخ	پلے لسٹ برآمد ہو گئی۔ چھوڑے گئے آئٹمز: {count}	پلے لسٹ برآمد ہو گئی
uz	Tarmoq oqimlari	Tarmoq oqimi	Tarmoq oqimini ochish	Pleylistni tahrirlash	Oqim elementini tahrirlash	Oqim URL manzili	Platforma / tur	Sarlavha (ixtiyoriy)	Rasm URL manzili (ixtiyoriy)	Mening oqimim	Kutubxonaga saqlash	Faqat ijro etish	Avtomatik aniqlash	API kaliti kerak	O‘z API kalitidan foydalanish	Mijoz ID raqami	Mijoz maxfiy kaliti	Hisob ma’lumotlarini saqlash	Qidirish usuli	Bu qurilmada xavfsiz saqlanadi. PPPlayer’ga hech qachon yuborilmaydi.	API kaliti yoki kvota kerak emas. Sekinroq yoki kamroq ishonchli bo‘lishi mumkin.	HTTP(S) URL yoki M3U pleylist havolasini kiriting.	Bu pleylist butunlay o‘chirilsinmi?	Kesh o‘chirilsinmi? Kutubxona va sevimlilar o‘zgarmaydi.	Tinglash tarixi butunlay o‘chirilsinmi?	Navbatga qo‘shildi	Video qo‘shildi	Qo‘shilgan kanallar: {count}	Pleylistdan olib tashlandi	Eksport bekor qilindi	Pleylist eksport qilindi. O‘tkazilgan elementlar: {count}	Pleylist eksport qilindi
vi	Luồng mạng	Luồng mạng	Mở luồng mạng	Sửa danh sách phát	Sửa mục luồng	URL luồng	Nền tảng / loại	Tiêu đề (tùy chọn)	URL ảnh (tùy chọn)	Luồng của tôi	Lưu vào thư viện	Chỉ phát	Tự động phát hiện	Cần khóa API	Dùng khóa API riêng	ID máy khách	Mã bí mật máy khách	Lưu thông tin xác thực	Chiến lược tìm kiếm	Được lưu an toàn trên thiết bị này. Không bao giờ gửi đến PPPlayer.	Không cần khóa API hay hạn mức. Có thể chậm hơn hoặc kém ổn định hơn.	Nhập URL HTTP(S) hoặc liên kết danh sách phát M3U.	Xóa vĩnh viễn danh sách phát này?	Xóa dữ liệu bộ nhớ đệm? Thư viện và mục yêu thích không thay đổi.	Xóa vĩnh viễn lịch sử nghe?	Đã thêm vào hàng đợi	Đã thêm video	Kênh đã thêm: {count}	Đã xóa khỏi danh sách phát	Đã hủy xuất	Đã xuất danh sách phát. Mục bỏ qua: {count}	Đã xuất danh sách phát
zh	网络流	网络流	打开网络流	编辑播放列表	编辑流项目	流 URL	平台 / 类型	标题（可选）	图片 URL（可选）	我的流	保存到资料库	仅播放	自动检测	需要 API 密钥	使用自定义 API 密钥	客户端 ID	客户端密钥	保存凭据	搜索策略	安全存储在此设备上。绝不会发送给 PPPlayer。	无需 API 密钥或配额。速度或可靠性可能较低。	输入 HTTP(S) URL 或 M3U 播放列表链接。	永久删除此播放列表？	删除缓存数据？资料库和收藏将保持不变。	永久删除收听历史？	已添加到队列	已添加视频	已添加频道：{count}	已从播放列表移除	已取消导出	已导出播放列表。跳过项目数：{count}	已导出播放列表
